BOLPKDDJ_00033	PAM18_0033
BOLPKDDJ_00043	M801_43
BOLPKDDJ_00044	N297_44
BOLPKDDJ_00050	M801_50
BOLPKDDJ_00057	M801_57
BOLPKDDJ_00058	M801_58
BOLPKDDJ_00110	M801_109
BOLPKDDJ_00141	M801_141
BOLPKDDJ_00318	M062_01545
BOLPKDDJ_00376	PAM18_0366
BOLPKDDJ_00401	M801_402
BOLPKDDJ_00477	PADK2_02345
BOLPKDDJ_00541	PAM18_0529
BOLPKDDJ_00585	M062_02870
BOLPKDDJ_00625	M801_627
BOLPKDDJ_00654	M801_656
BOLPKDDJ_00698	PAM18_4355
BOLPKDDJ_00718	PA14_55240
BOLPKDDJ_00744	M801_747
BOLPKDDJ_00755	PALES_46081
BOLPKDDJ_00758	PAM18_4301
BOLPKDDJ_00762	PAM18_4297
BOLPKDDJ_00781	M062_03690
BOLPKDDJ_00810	PALES_45541
BOLPKDDJ_00961	PADK2_21005
BOLPKDDJ_00975	M801_985
BOLPKDDJ_00985	PAM18_4076
BOLPKDDJ_01004	M801_1016
BOLPKDDJ_01013	M801_1024
BOLPKDDJ_01038	G655_20220
BOLPKDDJ_01077	PA14_50750
BOLPKDDJ_01138	PA14_50000
BOLPKDDJ_01139	PA14_49990
BOLPKDDJ_01150	M801_1162
BOLPKDDJ_01265	M801_1277
BOLPKDDJ_01360	N296_1373
BOLPKDDJ_01395	M062_07405
BOLPKDDJ_01410	M801_1421
BOLPKDDJ_01454	M801_1464
BOLPKDDJ_01456	M801_1466
BOLPKDDJ_01513	PA14_45260
BOLPKDDJ_01611	PA14_44090
BOLPKDDJ_01677	PA14_43250
BOLPKDDJ_01771	PADK2_17015
BOLPKDDJ_01833	PA14_41300
BOLPKDDJ_01834	PAM18_3248
BOLPKDDJ_01877	M801_1893
BOLPKDDJ_01878	PALES_34871
BOLPKDDJ_01898	M801_1914
BOLPKDDJ_01908	PA14_40340
BOLPKDDJ_01931	PADK2_16210
BOLPKDDJ_01952	PAM18_3133
BOLPKDDJ_01964	M801_1980
BOLPKDDJ_01980	M801_1996
BOLPKDDJ_01983	M801_1999
BOLPKDDJ_02024	M801_2040
BOLPKDDJ_02031	M062_10350
BOLPKDDJ_02064	M801_2080
BOLPKDDJ_02083	M801_2099
BOLPKDDJ_02093	N296_2110
BOLPKDDJ_02096	M801_2112
BOLPKDDJ_02123	PAM18_2968
BOLPKDDJ_02167	NCGM2_RS15300
BOLPKDDJ_02185	PADK2_14995
BOLPKDDJ_02193	PA14_36860
BOLPKDDJ_02197	M801_2213
BOLPKDDJ_02200	M801_2216
BOLPKDDJ_02227	PALES_31521
BOLPKDDJ_02233	PADK2_14770
BOLPKDDJ_02248	M801_2263
BOLPKDDJ_02300	PAM18_2795
BOLPKDDJ_02302	M801_2318
BOLPKDDJ_02369	M062_12070
BOLPKDDJ_02379	PALES_29821
BOLPKDDJ_02486	N296_2503
BOLPKDDJ_02579	PAM18_2514
BOLPKDDJ_02605	PADK2_12485
BOLPKDDJ_02615	PALES_27351
BOLPKDDJ_02680	PA14_30210
BOLPKDDJ_02721	PAM18_2312
BOLPKDDJ_02791	M801_2677
BOLPKDDJ_02799	PA14_28730
BOLPKDDJ_02809	PA14_28610
BOLPKDDJ_02810	PADK2_10765
BOLPKDDJ_02812	PALES_23341
BOLPKDDJ_02814	G655_11190
BOLPKDDJ_02817	PAM18_2219
BOLPKDDJ_02818	PA14_28540
BOLPKDDJ_02820	PAM18_2216
BOLPKDDJ_02824	PA14_28470
BOLPKDDJ_02825	PA14_28460
BOLPKDDJ_02835	PALES_23141
BOLPKDDJ_02836	PA14_28360
BOLPKDDJ_02839	PA14_28330
BOLPKDDJ_02845	PALES_23051
BOLPKDDJ_02848	PALES_23021
BOLPKDDJ_02866	PADK2_10480
BOLPKDDJ_02941	M801_2833
BOLPKDDJ_03012	PA2935
BOLPKDDJ_03023	PAM18_2016
BOLPKDDJ_03068	PAM18_1971
BOLPKDDJ_03239	M801_3140
BOLPKDDJ_03271	PA14_22880
BOLPKDDJ_03339	PAM18_1708
BOLPKDDJ_03363	PAM18_1684
BOLPKDDJ_03370	G655_08330
BOLPKDDJ_03383	PAM18_1663
BOLPKDDJ_03385	PA14_21260
BOLPKDDJ_03386	PAM18_1660
BOLPKDDJ_03485	PA14_20060
BOLPKDDJ_03497	PALES_16461
BOLPKDDJ_03649	G655_06975
BOLPKDDJ_03818	PA14_16110
BOLPKDDJ_03867	PAM18_1157
BOLPKDDJ_03929	M801_3835
BOLPKDDJ_03973	PA14_13630
BOLPKDDJ_03974	M801_3881
BOLPKDDJ_03981	PSPA7_1213
BOLPKDDJ_04053	N296_4092
BOLPKDDJ_04059	PADK2_04475
BOLPKDDJ_04117	PAM18_0912
BOLPKDDJ_04131	M801_4037
BOLPKDDJ_04157	PAM18_0873
BOLPKDDJ_04200	PALES_08631
BOLPKDDJ_04311	M801_4217
BOLPKDDJ_04368	M801_4274
BOLPKDDJ_04409	M801_4320
BOLPKDDJ_04457	PALES_47381
BOLPKDDJ_04458	PAM18_4451
BOLPKDDJ_04481	M801_4391
BOLPKDDJ_04556	M801_4467
BOLPKDDJ_04645	PADK2_24155
BOLPKDDJ_04696	N296_4747
BOLPKDDJ_04738	PA14_61340
BOLPKDDJ_04739	PA14_61350
BOLPKDDJ_04742	PAM18_4735
BOLPKDDJ_04887	M801_4808
BOLPKDDJ_04932	PAM18_4932
BOLPKDDJ_04954	M801_4877
BOLPKDDJ_04971	PAM18_4971
BOLPKDDJ_05052	M801_4977
BOLPKDDJ_05137	N296_5197
BOLPKDDJ_05255	PAM18_5256
BOLPKDDJ_05259	M801_5184
BOLPKDDJ_05271	M801_5197
BOLPKDDJ_05345	PAM18_5347
BOLPKDDJ_05370	PA14_69350
BOLPKDDJ_05531	PA14_71400
BOLPKDDJ_05560	PA14_71760
BOLPKDDJ_05564	PAM18_5562
NKAELIIP_00043	BN889_07272
NKAELIIP_00139	M801_141
NKAELIIP_00262	NCGM2_RS01345
NKAELIIP_00279	PA14_03370
NKAELIIP_00520	G655_02520
NKAELIIP_00995	PA3974
NKAELIIP_01089	M801_3881
NKAELIIP_01214	G655_05875
NKAELIIP_01216	PA14_15370
NKAELIIP_01219	PADK2_14185
NKAELIIP_01437	PSPA7_1567
NKAELIIP_01781	NCGM1900_RS15165
NKAELIIP_01958	M802_3168
NKAELIIP_01975	PA14_24665
NKAELIIP_02084	SCV20265_2162
NKAELIIP_02212	NCGM2_RS19430
NKAELIIP_02487	BN889_02830
NKAELIIP_02492	BN889_RS12535
NKAELIIP_02495	BN889_07044
NKAELIIP_02500	BN889_07039
NKAELIIP_02512	BN889_06897
NKAELIIP_02515	BN889_06894
NKAELIIP_02520	BN889_06889
NKAELIIP_02645	U769_12935
NKAELIIP_02647	PA14_32840
NKAELIIP_02648	U769_12950
NKAELIIP_02886	NCGM2_RS15850
NKAELIIP_02893	G655_14045
NKAELIIP_03006	PSPA7_1567
NKAELIIP_03316	PADK2_16690
NKAELIIP_03652	G655_17860
NKAELIIP_03698	NCGM2_RS11410
NKAELIIP_03739	PA14_46510
NKAELIIP_04766	U769_24460
NKAELIIP_04796	U769_24625
NKAELIIP_04799	PA14_59410
NKAELIIP_04801	M062_05120
NKAELIIP_04856	PA14_60060
NKAELIIP_04871	M062_23955
NKAELIIP_04873	PADK2_24185
NKAELIIP_04877	PADK2_24205
NKAELIIP_05133	PA1S_RS26085
NKAELIIP_05491	NCGM2_RS01790
GIEAKKBI_00044	M802_43
GIEAKKBI_00070	PSPA7_0072
GIEAKKBI_00071	PSPA7_0074
GIEAKKBI_00076	NCGM1900_RS18485
GIEAKKBI_00079	PADK2_27990
GIEAKKBI_00083	PSPA7_0089
GIEAKKBI_00119	PSPA7_0123
GIEAKKBI_00131	AI22_RS19175
GIEAKKBI_00170	PSPA7_0174
GIEAKKBI_00644	PSPA7_0679
GIEAKKBI_00675	BN889_04972
GIEAKKBI_00877	PA4170
GIEAKKBI_01099	PA3944
GIEAKKBI_01133	PSPA7_1198
GIEAKKBI_01185	PSPA7_1252
GIEAKKBI_01186	PSPA7_1252
GIEAKKBI_01878	BN889_RS11800
GIEAKKBI_01879	PSPA7_1972
GIEAKKBI_01880	BN889_06290
GIEAKKBI_01881	PSPA7_1973
GIEAKKBI_02004	SCV20265_2013
GIEAKKBI_02185	PA14_27110
GIEAKKBI_02279	M062_13530
GIEAKKBI_02281	PSPA7_2392
GIEAKKBI_02285	PSPA7_2397
GIEAKKBI_02313	PA1S_RS03260
GIEAKKBI_02314	PA1S_RS03265
GIEAKKBI_02319	NCGM1900_RS23185
GIEAKKBI_02338	PADK2_10535
GIEAKKBI_02395	PSPA7_2515
GIEAKKBI_02489	PA2819
GIEAKKBI_02505	PSPA7_2635
GIEAKKBI_02524	BN889_06552
GIEAKKBI_02527	PSPA7_2658
GIEAKKBI_02543	PSPA7_2678
GIEAKKBI_02642	PSPA7_2785
GIEAKKBI_02682	PAM18_2611
GIEAKKBI_02882	PSPA7_3040
GIEAKKBI_02891	PSPA7_3048
GIEAKKBI_02892	PSPA7_3049
GIEAKKBI_02897	PADK2_14155
GIEAKKBI_02900	NCGM1900_RS18475
GIEAKKBI_03086	PSPA7_3255
GIEAKKBI_03176	PSPA7_3353
GIEAKKBI_03295	PA14_41030
GIEAKKBI_03535	BN889_06897
GIEAKKBI_03541	PSPA7_3737
GIEAKKBI_03741	G655_18235
GIEAKKBI_03743	G655_18235
GIEAKKBI_03745	G655_18235
GIEAKKBI_03753	PSPA7_3955
GIEAKKBI_03828	PSPA7_4038
GIEAKKBI_03888	PADK2_19210
GIEAKKBI_04175	PSPA7_4404
GIEAKKBI_04177	PA14_51460
GIEAKKBI_04208	BN889_07320
GIEAKKBI_04210	BN889_07323
GIEAKKBI_04222	M062_05280
GIEAKKBI_04232	G655_05920
GIEAKKBI_04247	G655_23555
GIEAKKBI_04257	PSPA7_4494
GIEAKKBI_04280	PSPA7_4518
GIEAKKBI_04289	BN889_06804
GIEAKKBI_04360	PA14_52480
GIEAKKBI_04495	AI22_RS11325
GIEAKKBI_04698	M801_4391
GIEAKKBI_04790	BN889_04972
GIEAKKBI_04889	PSPA7_5149
GIEAKKBI_04893	PSPA7_5154
GIEAKKBI_05069	NCGM2_RS08750
GIEAKKBI_05073	PSPA7_5345
GIEAKKBI_05083	BN889_06344
GIEAKKBI_05084	BN889_06341
GIEAKKBI_05095	U769_25605
GIEAKKBI_05259	AI22_RS07770
GIEAKKBI_05754	NCGM2_RS17770
GIEAKKBI_05875	PA14_71400
OMKFHGAC_00046	PALES_00441
OMKFHGAC_00626	PA1S_RS03150
OMKFHGAC_00808	U769_21970
OMKFHGAC_00815	U769_21915
OMKFHGAC_00816	U769_21910
OMKFHGAC_00818	U769_21895
OMKFHGAC_00819	U769_21890
OMKFHGAC_00821	PA1S_RS05740
OMKFHGAC_00826	U769_21855
OMKFHGAC_00829	U769_21840
OMKFHGAC_00834	U769_21815
OMKFHGAC_00835	T223_06660
OMKFHGAC_00843	U769_21772
OMKFHGAC_00856	PA1S_RS07035
OMKFHGAC_01014	PA3991
OMKFHGAC_01309	PA3704
OMKFHGAC_01311	PA3703
OMKFHGAC_01354	PALES_13241
OMKFHGAC_01355	T223_06530
OMKFHGAC_01373	T223_06620
OMKFHGAC_01375	T223_06630
OMKFHGAC_01385	T223_06680
OMKFHGAC_01389	T223_06700
OMKFHGAC_01402	T223_06765
OMKFHGAC_01480	PA3595
OMKFHGAC_01600	T223_07750
OMKFHGAC_01615	PALES_15681
OMKFHGAC_01622	T223_07850
OMKFHGAC_01625	PALES_15771
OMKFHGAC_01632	T223_07900
OMKFHGAC_01634	T223_07910
OMKFHGAC_01637	T223_07925
OMKFHGAC_01644	T223_07960
OMKFHGAC_02050	M802_3168
OMKFHGAC_02330	PADK2_10445
OMKFHGAC_02421	T223_11995
OMKFHGAC_02423	T223_12005
OMKFHGAC_02429	T223_12035
OMKFHGAC_02431	T223_12045
OMKFHGAC_02437	T223_12080
OMKFHGAC_02587	PALES_25191
OMKFHGAC_02589	T223_12850
OMKFHGAC_02593	T223_12870
OMKFHGAC_02598	T223_12895
OMKFHGAC_02601	T223_12910
OMKFHGAC_02628	T223_13095
OMKFHGAC_02630	T223_13105
OMKFHGAC_02648	PAM18_2387
OMKFHGAC_02649	T223_13200
OMKFHGAC_02678	T223_13355
OMKFHGAC_02685	T223_13390
OMKFHGAC_02688	T223_13410
OMKFHGAC_02693	PALES_26251
OMKFHGAC_02694	PALES_26261
OMKFHGAC_02705	PALES_26351
OMKFHGAC_02723	T223_13585
OMKFHGAC_02725	T223_13595
OMKFHGAC_02734	T223_13640
OMKFHGAC_02739	T223_13665
OMKFHGAC_02745	PADK2_12085
OMKFHGAC_02757	PALES_26841
OMKFHGAC_02759	PADK2_12165
OMKFHGAC_02764	PALES_26901
OMKFHGAC_02782	PADK2_12285
OMKFHGAC_02913	PALES_28361
OMKFHGAC_02977	PALES_29061
OMKFHGAC_02980	PALES_29061
OMKFHGAC_03469	T223_17290
OMKFHGAC_03470	PA1S_RS15990
OMKFHGAC_03472	T223_17300
OMKFHGAC_03907	PALES_38131
OMKFHGAC_03927	SCV20265_4060
OMKFHGAC_04214	T223_21050
OMKFHGAC_04224	T223_21095
OMKFHGAC_04225	T223_21100
OMKFHGAC_05953	PA5453
OMKFHGAC_06016	PAM18_5638
HOCNBEKN_00078	NCGM2_RS00390
HOCNBEKN_00254	PADK2_01265
HOCNBEKN_00257	M802_262
HOCNBEKN_00633	PA1S_RS03265
HOCNBEKN_00712	BN889_07214
HOCNBEKN_01339	U769_15785
HOCNBEKN_01342	NCGM2_RS14240
HOCNBEKN_01345	PALES_13271
HOCNBEKN_01346	PALES_13281
HOCNBEKN_01350	PALES_13321
HOCNBEKN_01351	PA1S_RS06825
HOCNBEKN_01352	PA1S_RS06830
HOCNBEKN_01356	PAM18_1336
HOCNBEKN_01362	T223_06620
HOCNBEKN_01364	PA1S_RS06900
HOCNBEKN_01366	PSPA7_2400
HOCNBEKN_01376	PA1S_RS06960
HOCNBEKN_01378	PA1S_RS06970
HOCNBEKN_01380	PA1S_RS06980
HOCNBEKN_01381	PA1S_RS06985
HOCNBEKN_01390	PA1R_gp1485
HOCNBEKN_01544	PA3456
HOCNBEKN_01857	PA1S_RS09615
HOCNBEKN_01932	M802_3168
HOCNBEKN_02106	PA2895
HOCNBEKN_02287	G655_11325
HOCNBEKN_02469	M062_13640
HOCNBEKN_02473	AI22_RS27655
HOCNBEKN_02474	M062_13605
HOCNBEKN_02482	PSPA7_2383
HOCNBEKN_02495	M062_13510
HOCNBEKN_02499	NCGM2_RS07830
HOCNBEKN_02505	M062_13455
HOCNBEKN_02510	AI22_RS27530
HOCNBEKN_02511	M062_13425
HOCNBEKN_02512	AI22_RS27520
HOCNBEKN_03688	U769_18212
HOCNBEKN_03854	U769_15457
HOCNBEKN_04008	NCGM2_RS09765
HOCNBEKN_04013	PA1S_RS20445
HOCNBEKN_04382	G655_21760
HOCNBEKN_04388	PA0716.1
HOCNBEKN_04847	T223_21050
HOCNBEKN_04850	PALES_41221
HOCNBEKN_04851	G655_21760
HOCNBEKN_04855	PAM18_4779
HOCNBEKN_04859	BN889_06358
HOCNBEKN_05118	PA4925
HOCNBEKN_05753	PA1S_RS29920
ILKJLEMH_00430	G655_02165
ILKJLEMH_00577	PADK2_02885
ILKJLEMH_00599	PADK2_03000
ILKJLEMH_00633	PADK2_03160
ILKJLEMH_00634	PADK2_03165
ILKJLEMH_00748	PA4190
ILKJLEMH_00755	PADK2_03755
ILKJLEMH_01101	SCV20265_1234
ILKJLEMH_01306	PADK2_06515
ILKJLEMH_01310	PADK2_06530
ILKJLEMH_01311	PADK2_06535
ILKJLEMH_01313	SCV20265_1499
ILKJLEMH_01603	PADK2_08020
ILKJLEMH_01606	PADK2_08025
ILKJLEMH_01607	PADK2_08030
ILKJLEMH_01707	PADK2_08535
ILKJLEMH_01708	PADK2_08540
ILKJLEMH_01709	PADK2_08545
ILKJLEMH_01710	PADK2_08545
ILKJLEMH_01711	PADK2_08550
ILKJLEMH_01712	PADK2_08555
ILKJLEMH_01715	PADK2_08575
ILKJLEMH_01716	M062_16845
ILKJLEMH_01718	PADK2_08585
ILKJLEMH_01719	PADK2_08590
ILKJLEMH_01720	PADK2_08595
ILKJLEMH_01721	PADK2_08600
ILKJLEMH_01722	PADK2_08605
ILKJLEMH_01723	SCV20265_1905
ILKJLEMH_01724	SCV20265_1906
ILKJLEMH_01866	PA3000
ILKJLEMH_02159	PA14_59580
ILKJLEMH_02160	G655_20375
ILKJLEMH_02161	PADK2_08565
ILKJLEMH_02162	PADK2_08570
ILKJLEMH_02163	PADK2_10850
ILKJLEMH_02164	PADK2_10855
ILKJLEMH_02165	PADK2_10860
ILKJLEMH_02166	PADK2_10865
ILKJLEMH_02167	PADK2_10870
ILKJLEMH_02168	PADK2_10875
ILKJLEMH_02169	PADK2_08570
ILKJLEMH_02170	PADK2_08565
ILKJLEMH_02171	PSPA7_1611
ILKJLEMH_02173	PADK2_10905
ILKJLEMH_02174	PADK2_10910
ILKJLEMH_02175	PADK2_10915
ILKJLEMH_02176	PADK2_10925
ILKJLEMH_02177	PADK2_10930
ILKJLEMH_02178	PADK2_10935
ILKJLEMH_02179	PADK2_10940
ILKJLEMH_02180	PADK2_10945
ILKJLEMH_02181	PADK2_10950
ILKJLEMH_02182	PADK2_10955
ILKJLEMH_02183	PADK2_10960
ILKJLEMH_02184	PADK2_10965
ILKJLEMH_02185	PADK2_10970
ILKJLEMH_02186	PADK2_10975
ILKJLEMH_02187	PADK2_10980
ILKJLEMH_02190	PADK2_10990
ILKJLEMH_02191	PADK2_10995
ILKJLEMH_02192	PADK2_11000
ILKJLEMH_02303	PADK2_11555
ILKJLEMH_02341	PADK2_11745
ILKJLEMH_02342	SCV20265_2292
ILKJLEMH_02343	PADK2_11755
ILKJLEMH_02344	PADK2_11760
ILKJLEMH_02345	PADK2_11770
ILKJLEMH_02346	PADK2_11780
ILKJLEMH_02347	PADK2_11785
ILKJLEMH_02348	PADK2_11790
ILKJLEMH_02349	PADK2_11800
ILKJLEMH_02350	PADK2_11805
ILKJLEMH_02351	PADK2_11810
ILKJLEMH_02352	PADK2_11815
ILKJLEMH_02353	SCV20265_2304
ILKJLEMH_02354	PADK2_11825
ILKJLEMH_02355	PADK2_11830
ILKJLEMH_02356	BN889_06917
ILKJLEMH_02357	PADK2_11840
ILKJLEMH_02358	PADK2_11845
ILKJLEMH_02359	BN889_06921
ILKJLEMH_02360	PADK2_11855
ILKJLEMH_02361	PADK2_11860
ILKJLEMH_02362	PADK2_11865
ILKJLEMH_02363	PADK2_11870
ILKJLEMH_02364	PADK2_11875
ILKJLEMH_02365	PADK2_11880
ILKJLEMH_02366	PADK2_11885
ILKJLEMH_02367	PADK2_11890
ILKJLEMH_02368	PADK2_11895
ILKJLEMH_02369	PADK2_11900
ILKJLEMH_02370	PADK2_11905
ILKJLEMH_02371	PADK2_11915
ILKJLEMH_02372	PADK2_11920
ILKJLEMH_02373	PADK2_11925
ILKJLEMH_02374	PADK2_11930
ILKJLEMH_02376	PADK2_11940
ILKJLEMH_02377	PADK2_11945
ILKJLEMH_02378	PADK2_11950
ILKJLEMH_02379	PADK2_11955
ILKJLEMH_02380	PADK2_11960
ILKJLEMH_02381	SCV20265_2334
ILKJLEMH_02382	PADK2_11970
ILKJLEMH_02390	PADK2_12010
ILKJLEMH_02407	PADK2_12095
ILKJLEMH_02408	PADK2_12100
ILKJLEMH_02490	PA2543
ILKJLEMH_02614	PADK2_08570
ILKJLEMH_02615	PADK2_08565
ILKJLEMH_02659	PADK2_13380
ILKJLEMH_02663	M062_12375
ILKJLEMH_02664	PADK2_13405
ILKJLEMH_02665	PADK2_13410
ILKJLEMH_02796	PAM18_2798
ILKJLEMH_02811	PADK2_14140
ILKJLEMH_02812	PADK2_14145
ILKJLEMH_02813	PADK2_14150
ILKJLEMH_02814	PADK2_14155
ILKJLEMH_02815	PADK2_14160
ILKJLEMH_02816	PADK2_14165
ILKJLEMH_02817	PADK2_14170
ILKJLEMH_02818	PADK2_14175
ILKJLEMH_02820	PADK2_14185
ILKJLEMH_02821	PADK2_14190
ILKJLEMH_02822	PADK2_14195
ILKJLEMH_02823	PADK2_14205
ILKJLEMH_02824	PADK2_14210
ILKJLEMH_02825	PADK2_14215
ILKJLEMH_02826	PADK2_14220
ILKJLEMH_02827	BN889_06969
ILKJLEMH_02828	PADK2_14230
ILKJLEMH_02829	PADK2_14235
ILKJLEMH_02830	PADK2_14240
ILKJLEMH_02831	PADK2_14245
ILKJLEMH_02832	PADK2_14250
ILKJLEMH_02833	PADK2_14255
ILKJLEMH_02834	PADK2_14265
ILKJLEMH_02835	PADK2_14270
ILKJLEMH_02836	PADK2_14275
ILKJLEMH_02837	PADK2_14280
ILKJLEMH_02838	PADK2_14285
ILKJLEMH_02839	PADK2_14290
ILKJLEMH_02840	PADK2_14295
ILKJLEMH_02841	PADK2_14300
ILKJLEMH_02842	PADK2_14305
ILKJLEMH_02843	PADK2_14310
ILKJLEMH_02844	PADK2_14315
ILKJLEMH_02846	PADK2_14325
ILKJLEMH_02847	PADK2_14330
ILKJLEMH_02855	PADK2_14380
ILKJLEMH_02856	PADK2_14385
ILKJLEMH_02857	PADK2_14390
ILKJLEMH_02858	PADK2_14395
ILKJLEMH_02859	PADK2_14400
ILKJLEMH_02860	PADK2_14405
ILKJLEMH_02861	PADK2_14410
ILKJLEMH_02862	PADK2_14420
ILKJLEMH_02863	PADK2_14425
ILKJLEMH_02864	PADK2_14430
ILKJLEMH_02865	PADK2_14435
ILKJLEMH_02866	PADK2_14450
ILKJLEMH_02870	PADK2_14470
ILKJLEMH_02871	PADK2_14475
ILKJLEMH_02872	PADK2_14480
ILKJLEMH_02873	PADK2_14485
ILKJLEMH_02874	PADK2_14490
ILKJLEMH_02875	PADK2_14495
ILKJLEMH_02876	PADK2_14500
ILKJLEMH_02878	PADK2_14505
ILKJLEMH_02880	PADK2_14510
ILKJLEMH_02882	G655_11275
ILKJLEMH_02884	PADK2_14535
ILKJLEMH_02885	PADK2_14540
ILKJLEMH_02886	PADK2_14545
ILKJLEMH_03169	PADK2_15960
ILKJLEMH_03170	PADK2_15965
ILKJLEMH_03171	PADK2_15970
ILKJLEMH_03313	PADK2_16685
ILKJLEMH_03418	PA14_42600
ILKJLEMH_03545	PA1573
ILKJLEMH_03557	U769_17950
ILKJLEMH_03588	PAM18_3516
ILKJLEMH_03690	PADK2_18570
ILKJLEMH_03728	PADK2_18760
ILKJLEMH_03729	PADK2_18765
ILKJLEMH_03922	PA1181
ILKJLEMH_03949	SCV20265_4269
ILKJLEMH_03950	PADK2_08570
ILKJLEMH_03951	PADK2_08565
ILKJLEMH_03953	PADK2_19905
ILKJLEMH_03963	PADK2_19960
ILKJLEMH_04083	PADK2_20560
ILKJLEMH_04092	PADK2_20605
ILKJLEMH_04097	G655_20225
ILKJLEMH_04099	PADK2_20640
ILKJLEMH_04100	PADK2_20645
ILKJLEMH_04101	PA14_53580
ILKJLEMH_04102	PADK2_20655
ILKJLEMH_04103	PADK2_20660
ILKJLEMH_04104	PADK2_20665
ILKJLEMH_04105	PADK2_20670
ILKJLEMH_04458	BN889_RS10815
ILKJLEMH_04459	BN889_04791
ILKJLEMH_04682	PADK2_23565
ILKJLEMH_04683	PADK2_08570
ILKJLEMH_04684	PADK2_08565
ILKJLEMH_04699	PADK2_23655
ILKJLEMH_04701	PADK2_23665
ILKJLEMH_04702	PADK2_23670
ILKJLEMH_04704	PADK2_23680
ILKJLEMH_04706	PSPA7_4445
ILKJLEMH_04715	PADK2_23735
ILKJLEMH_04716	PADK2_23740
ILKJLEMH_04720	PADK2_23760
ILKJLEMH_04727	PA1S_RS21160
ILKJLEMH_04736	PADK2_23840
ILKJLEMH_04740	PADK2_23860
ILKJLEMH_04742	PADK2_23870
ILKJLEMH_04751	PADK2_12095
ILKJLEMH_04752	PADK2_23920
ILKJLEMH_04753	PADK2_23925
ILKJLEMH_04754	PADK2_23930
ILKJLEMH_04755	PADK2_23935
ILKJLEMH_04756	PADK2_23940
ILKJLEMH_04761	PADK2_23965
ILKJLEMH_04778	PADK2_24060
ILKJLEMH_04784	PADK2_24090
ILKJLEMH_04787	PADK2_24105
ILKJLEMH_04788	PADK2_24110
ILKJLEMH_04789	PADK2_24115
ILKJLEMH_04790	PADK2_24120
ILKJLEMH_05411	PADK2_27225
ILKJLEMH_05461	PA5192
ILKJLEMH_05562	PADK2_27990
ILKJLEMH_05563	PADK2_27995
ILKJLEMH_05564	PADK2_28000
ILKJLEMH_05565	PADK2_28010
ILKJLEMH_05566	PADK2_28015
ILKJLEMH_05567	PADK2_28025
ILKJLEMH_05568	PADK2_28030
ILKJLEMH_05569	PADK2_28035
ILKJLEMH_05570	PADK2_28040
ILKJLEMH_05571	PADK2_28045
ILKJLEMH_05572	PADK2_28050
ILKJLEMH_05573	PADK2_28065
ILKJLEMH_05574	PADK2_28075
ILKJLEMH_05575	PADK2_28080
ILKJLEMH_05576	PADK2_28085
ILKJLEMH_05577	PADK2_28090
ILKJLEMH_05578	PADK2_28100
ILKJLEMH_05579	PADK2_28105
ILKJLEMH_05580	PADK2_28110
ILKJLEMH_05581	PADK2_28115
ILKJLEMH_05582	PADK2_28120
ILKJLEMH_05583	PADK2_28125
ILKJLEMH_05584	PADK2_28130
ILKJLEMH_05585	PADK2_28135
ILKJLEMH_05586	PADK2_28140
ILKJLEMH_05587	PADK2_28145
ILKJLEMH_05588	PADK2_28150
ILKJLEMH_05589	PADK2_28155
ILKJLEMH_05590	PADK2_28160
ILKJLEMH_05591	PADK2_28165
ILKJLEMH_05592	PADK2_28170
ILKJLEMH_05594	PSPA7_6060
ILKJLEMH_05595	PADK2_28180
ILKJLEMH_05597	PADK2_28185
FDMMAMHM_00044	PSPA7_4697
FDMMAMHM_00045	PA14_03290
FDMMAMHM_00046	N297_44
FDMMAMHM_00245	NCGM1900_RS01230
FDMMAMHM_00268	NCGM2_RS01345
FDMMAMHM_00270	BN889_07232
FDMMAMHM_00271	BN889_07231
FDMMAMHM_00272	NCGM2_RS01365
FDMMAMHM_00273	NCGM2_RS01370
FDMMAMHM_00274	NCGM2_RS01375
FDMMAMHM_00275	NCGM2_RS01380
FDMMAMHM_00276	NCGM2_RS01385
FDMMAMHM_00277	NCGM2_RS01390
FDMMAMHM_00278	NCGM2_RS01395
FDMMAMHM_00279	NCGM2_RS01400
FDMMAMHM_00280	NCGM2_RS01405
FDMMAMHM_00281	NCGM2_RS01410
FDMMAMHM_00282	NCGM2_RS01415
FDMMAMHM_00283	NCGM2_RS01420
FDMMAMHM_00284	NCGM2_RS01425
FDMMAMHM_00285	NCGM2_RS01430
FDMMAMHM_00286	NCGM2_RS01435
FDMMAMHM_00287	NCGM2_RS01440
FDMMAMHM_00288	NCGM2_RS01445
FDMMAMHM_00289	NCGM2_RS01450
FDMMAMHM_00290	NCGM2_RS01455
FDMMAMHM_00291	NCGM2_RS01460
FDMMAMHM_00292	NCGM2_RS01465
FDMMAMHM_00293	BN889_06837
FDMMAMHM_00294	NCGM2_RS01470
FDMMAMHM_00295	NCGM2_RS01810
FDMMAMHM_00351	NCGM2_RS01760
FDMMAMHM_00352	NCGM2_RS01765
FDMMAMHM_00353	NCGM2_RS01470
FDMMAMHM_00354	NCGM2_RS01775
FDMMAMHM_00358	NCGM2_RS01800
FDMMAMHM_00359	NCGM2_RS01805
FDMMAMHM_00360	NCGM2_RS01470
FDMMAMHM_00581	NCGM2_RS02915
FDMMAMHM_00742	NCGM2_RS03715
FDMMAMHM_00812	NCGM2_RS04080
FDMMAMHM_00813	NCGM2_RS04085
FDMMAMHM_00814	NCGM2_RS04090
FDMMAMHM_00815	NCGM2_RS04095
FDMMAMHM_00816	NCGM2_RS04100
FDMMAMHM_00817	NCGM2_RS04105
FDMMAMHM_00818	NCGM2_RS04110
FDMMAMHM_00819	NCGM2_RS04115
FDMMAMHM_00820	NCGM2_RS04120
FDMMAMHM_00821	NCGM2_RS04125
FDMMAMHM_00822	NCGM2_RS04130
FDMMAMHM_00823	NCGM2_RS04135
FDMMAMHM_00824	NCGM2_RS04140
FDMMAMHM_00825	NCGM2_RS04145
FDMMAMHM_00826	NCGM2_RS04150
FDMMAMHM_00827	NCGM2_RS04155
FDMMAMHM_00828	NCGM2_RS04160
FDMMAMHM_00829	NCGM2_RS04165
FDMMAMHM_00830	NCGM2_RS04170
FDMMAMHM_00831	NCGM2_RS04175
FDMMAMHM_00832	NCGM2_RS04180
FDMMAMHM_00833	NCGM2_RS04185
FDMMAMHM_00834	NCGM2_RS04190
FDMMAMHM_00835	NCGM2_RS04195
FDMMAMHM_00836	NCGM2_RS04200
FDMMAMHM_00837	NCGM2_RS04205
FDMMAMHM_00838	NCGM2_RS04210
FDMMAMHM_00839	NCGM2_RS04215
FDMMAMHM_00840	NCGM2_RS04220
FDMMAMHM_00841	NCGM2_RS04225
FDMMAMHM_00842	NCGM2_RS04230
FDMMAMHM_00844	NCGM2_RS04240
FDMMAMHM_00846	NCGM2_RS04250
FDMMAMHM_00847	BN889_02818
FDMMAMHM_00848	NCGM2_RS04260
FDMMAMHM_00849	NCGM2_RS04265
FDMMAMHM_00850	NCGM2_RS04270
FDMMAMHM_00851	NCGM2_RS04275
FDMMAMHM_00852	NCGM2_RS04280
FDMMAMHM_00853	NCGM2_RS04285
FDMMAMHM_00854	NCGM2_RS04290
FDMMAMHM_00855	NCGM2_RS04295
FDMMAMHM_00856	NCGM2_RS04300
FDMMAMHM_01345	NCGM2_RS06795
FDMMAMHM_01346	NCGM2_RS06805
FDMMAMHM_01347	NCGM2_RS06810
FDMMAMHM_01348	NCGM2_RS06815
FDMMAMHM_01349	NCGM2_RS06820
FDMMAMHM_01350	NCGM2_RS06825
FDMMAMHM_01351	NCGM2_RS06830
FDMMAMHM_01352	NCGM2_RS06835
FDMMAMHM_01353	NCGM2_RS06840
FDMMAMHM_01354	NCGM2_RS06845
FDMMAMHM_01355	NCGM2_RS06850
FDMMAMHM_01356	NCGM2_RS06865
FDMMAMHM_01357	NCGM2_RS06870
FDMMAMHM_01358	NCGM2_RS06875
FDMMAMHM_01359	NCGM2_RS06880
FDMMAMHM_01360	NCGM2_RS06885
FDMMAMHM_01361	NCGM2_RS06890
FDMMAMHM_01362	NCGM2_RS06895
FDMMAMHM_01363	NCGM2_RS06900
FDMMAMHM_01364	NCGM2_RS06905
FDMMAMHM_01365	NCGM2_RS06910
FDMMAMHM_01366	NCGM2_RS06915
FDMMAMHM_01367	NCGM2_RS06920
FDMMAMHM_01368	NCGM2_RS06925
FDMMAMHM_01369	NCGM2_RS06930
FDMMAMHM_01370	NCGM2_RS06935
FDMMAMHM_01371	NCGM2_RS06940
FDMMAMHM_01373	NCGM2_RS06950
FDMMAMHM_01374	NCGM2_RS06955
FDMMAMHM_01375	NCGM2_RS06960
FDMMAMHM_01376	NCGM2_RS06965
FDMMAMHM_01377	NCGM2_RS06970
FDMMAMHM_01379	NCGM2_RS06980
FDMMAMHM_01380	NCGM2_RS06985
FDMMAMHM_01383	NCGM2_RS07000
FDMMAMHM_01384	NCGM2_RS07005
FDMMAMHM_01385	NCGM2_RS07010
FDMMAMHM_01386	NCGM2_RS07015
FDMMAMHM_01387	NCGM2_RS07020
FDMMAMHM_01388	NCGM2_RS07025
FDMMAMHM_01389	NCGM2_RS07030
FDMMAMHM_01390	NCGM2_RS07035
FDMMAMHM_01391	NCGM2_RS07040
FDMMAMHM_01393	NCGM2_RS07050
FDMMAMHM_01394	NCGM2_RS07055
FDMMAMHM_01396	NCGM2_RS07065
FDMMAMHM_01397	NCGM2_RS07070
FDMMAMHM_01398	NCGM2_RS07075
FDMMAMHM_01399	NCGM2_RS07080
FDMMAMHM_01400	NCGM2_RS07085
FDMMAMHM_01401	NCGM2_RS07090
FDMMAMHM_01402	NCGM2_RS07095
FDMMAMHM_01403	NCGM2_RS07100
FDMMAMHM_01404	NCGM2_RS07105
FDMMAMHM_01405	NCGM2_RS07110
FDMMAMHM_01406	NCGM2_RS07115
FDMMAMHM_01407	NCGM2_RS07120
FDMMAMHM_01408	NCGM2_RS07125
FDMMAMHM_01409	NCGM2_RS07130
FDMMAMHM_01410	NCGM2_RS07135
FDMMAMHM_01411	NCGM2_RS07140
FDMMAMHM_01412	NCGM2_RS07145
FDMMAMHM_01413	NCGM2_RS07150
FDMMAMHM_01414	NCGM2_RS07155
FDMMAMHM_01415	NCGM2_RS07160
FDMMAMHM_01416	NCGM2_RS07165
FDMMAMHM_01417	NCGM2_RS07170
FDMMAMHM_01513	M062_04010
FDMMAMHM_01514	NCGM2_RS07670
FDMMAMHM_01516	NCGM2_RS07680
FDMMAMHM_01517	NCGM2_RS07685
FDMMAMHM_01518	NCGM2_RS07695
FDMMAMHM_01521	NCGM2_RS07705
FDMMAMHM_01522	NCGM2_RS07710
FDMMAMHM_01523	NCGM2_RS07715
FDMMAMHM_01524	NCGM2_RS07720
FDMMAMHM_01525	NCGM2_RS07725
FDMMAMHM_01526	NCGM2_RS07730
FDMMAMHM_01527	NCGM2_RS07735
FDMMAMHM_01529	NCGM2_RS07750
FDMMAMHM_01530	NCGM2_RS07760
FDMMAMHM_01531	NCGM1900_RS09630
FDMMAMHM_01533	NCGM2_RS07775
FDMMAMHM_01534	NCGM2_RS07780
FDMMAMHM_01535	NCGM2_RS07785
FDMMAMHM_01536	NCGM2_RS07790
FDMMAMHM_01537	NCGM1900_RS09595
FDMMAMHM_01538	NCGM2_RS07800
FDMMAMHM_01539	NCGM1900_RS09580
FDMMAMHM_01540	NCGM2_RS07810
FDMMAMHM_01542	NCGM2_RS07820
FDMMAMHM_01543	NCGM2_RS07825
FDMMAMHM_01545	NCGM2_RS07835
FDMMAMHM_01546	NCGM2_RS07840
FDMMAMHM_01548	NCGM2_RS07850
FDMMAMHM_01549	NCGM2_RS07855
FDMMAMHM_01550	NCGM2_RS07860
FDMMAMHM_01551	NCGM2_RS07865
FDMMAMHM_01552	NCGM2_RS07870
FDMMAMHM_01553	NCGM2_RS07875
FDMMAMHM_01554	NCGM2_RS07880
FDMMAMHM_01555	NCGM2_RS07885
FDMMAMHM_01556	NCGM2_RS07890
FDMMAMHM_01557	NCGM2_RS07895
FDMMAMHM_01559	NCGM2_RS07900
FDMMAMHM_01560	NCGM2_RS07905
FDMMAMHM_01561	NCGM2_RS07910
FDMMAMHM_01562	NCGM2_RS07915
FDMMAMHM_01563	NCGM2_RS07920
FDMMAMHM_01564	NCGM2_RS07925
FDMMAMHM_01565	NCGM2_RS07930
FDMMAMHM_01566	NCGM2_RS07935
FDMMAMHM_01567	NCGM2_RS07940
FDMMAMHM_01568	NCGM2_RS07950
FDMMAMHM_01569	NCGM2_RS07955
FDMMAMHM_01570	NCGM1900_RS23210
FDMMAMHM_01571	NCGM2_RS07970
FDMMAMHM_01707	NCGM2_RS01470
FDMMAMHM_01708	NCGM2_RS08675
FDMMAMHM_01709	NCGM2_RS08680
FDMMAMHM_01710	NCGM2_RS08685
FDMMAMHM_01711	NCGM2_RS08690
FDMMAMHM_01712	NCGM2_RS08695
FDMMAMHM_01713	NCGM2_RS08700
FDMMAMHM_01714	NCGM2_RS08705
FDMMAMHM_01715	NCGM2_RS08710
FDMMAMHM_01716	NCGM2_RS08715
FDMMAMHM_01718	NCGM2_RS01470
FDMMAMHM_01722	NCGM2_RS08740
FDMMAMHM_01725	NCGM2_RS08755
FDMMAMHM_01726	NCGM2_RS08760
FDMMAMHM_01727	NCGM2_RS08765
FDMMAMHM_01728	NCGM2_RS08770
FDMMAMHM_01729	NCGM2_RS01470
FDMMAMHM_01730	PA14_51880
FDMMAMHM_01751	NCGM2_RS08895
FDMMAMHM_01752	NCGM2_RS08900
FDMMAMHM_01754	NCGM2_RS08905
FDMMAMHM_01755	NCGM2_RS08910
FDMMAMHM_01756	NCGM2_RS08915
FDMMAMHM_01757	NCGM1900_RS08585
FDMMAMHM_01759	PA14_55060
FDMMAMHM_01764	NCGM2_RS08950
FDMMAMHM_01769	NCGM1900_RS08520
FDMMAMHM_01770	NCGM2_RS08990
FDMMAMHM_01771	U769_24717
FDMMAMHM_01772	PA1S_RS21295
FDMMAMHM_01796	NCGM2_RS09110
FDMMAMHM_01797	NCGM2_RS09115
FDMMAMHM_01798	U769_24692
FDMMAMHM_01799	PA1S_RS15235
FDMMAMHM_01802	PA14_13520
FDMMAMHM_01803	PALES_55501
FDMMAMHM_01804	NCGM2_RS09125
FDMMAMHM_01805	U769_24697
FDMMAMHM_01807	NCGM2_RS09135
FDMMAMHM_01808	NCGM2_RS09140
FDMMAMHM_01809	NCGM2_RS09145
FDMMAMHM_01810	NCGM2_RS09150
FDMMAMHM_01811	NCGM2_RS09155
FDMMAMHM_01851	PALES_43051
FDMMAMHM_01857	PA1025
FDMMAMHM_01861	PALES_42961
FDMMAMHM_01926	NCGM2_RS09730
FDMMAMHM_01930	NCGM2_RS09750
FDMMAMHM_01996	PA14_03290
FDMMAMHM_02066	NCGM2_RS10430
FDMMAMHM_02223	PA2525
FDMMAMHM_02240	SCV20265_4025
FDMMAMHM_02501	PA14_43100
FDMMAMHM_02651	NCGM2_RS13345
FDMMAMHM_02797	NCGM2_RS14080
FDMMAMHM_02824	NCGM2_RS14205
FDMMAMHM_02825	NCGM2_RS14210
FDMMAMHM_02826	NCGM2_RS14215
FDMMAMHM_02827	NCGM2_RS14220
FDMMAMHM_02828	U769_15790
FDMMAMHM_02829	NCGM2_RS14225
FDMMAMHM_02830	NCGM2_RS14230
FDMMAMHM_02831	NCGM2_RS14235
FDMMAMHM_02833	U769_15765
FDMMAMHM_02834	PALES_13271
FDMMAMHM_02835	NCGM2_RS14255
FDMMAMHM_02836	NCGM2_RS14265
FDMMAMHM_02837	NCGM2_RS14270
FDMMAMHM_02838	NCGM2_RS14275
FDMMAMHM_02839	U769_15749
FDMMAMHM_02840	NCGM1900_RS08090
FDMMAMHM_02841	U769_15745
FDMMAMHM_02842	NCGM2_RS14280
FDMMAMHM_02843	NCGM2_RS14285
FDMMAMHM_02844	NCGM2_RS14290
FDMMAMHM_02845	NCGM2_RS14295
FDMMAMHM_02846	NCGM2_RS14300
FDMMAMHM_02847	NCGM2_RS14310
FDMMAMHM_02848	NCGM2_RS14315
FDMMAMHM_02849	NCGM2_RS14320
FDMMAMHM_02850	NCGM2_RS14325
FDMMAMHM_02851	NCGM2_RS14330
FDMMAMHM_02852	NCGM2_RS14335
FDMMAMHM_02853	NCGM2_RS14340
FDMMAMHM_02854	NCGM2_RS14345
FDMMAMHM_02855	NCGM2_RS14360
FDMMAMHM_02856	NCGM2_RS14365
FDMMAMHM_02857	NCGM2_RS14375
FDMMAMHM_02858	NCGM2_RS14380
FDMMAMHM_02860	T223_12870
FDMMAMHM_02861	NCGM2_RS14390
FDMMAMHM_02862	NCGM2_RS14395
FDMMAMHM_02863	NCGM2_RS14400
FDMMAMHM_02864	NCGM2_RS14405
FDMMAMHM_02866	NCGM2_RS14410
FDMMAMHM_02867	NCGM2_RS14415
FDMMAMHM_02868	NCGM2_RS14420
FDMMAMHM_02869	NCGM2_RS14445
FDMMAMHM_02870	NCGM2_RS31410
FDMMAMHM_02871	NCGM2_RS14460
FDMMAMHM_02872	NCGM2_RS14465
FDMMAMHM_02873	NCGM2_RS14470
FDMMAMHM_02874	NCGM2_RS14475
FDMMAMHM_02875	NCGM2_RS14480
FDMMAMHM_02876	NCGM2_RS14485
FDMMAMHM_02877	NCGM2_RS14490
FDMMAMHM_02878	NCGM2_RS14495
FDMMAMHM_02879	NCGM2_RS14500
FDMMAMHM_02880	NCGM2_RS14510
FDMMAMHM_02881	NCGM2_RS14515
FDMMAMHM_02882	NCGM2_RS14520
FDMMAMHM_02883	NCGM2_RS14525
FDMMAMHM_02884	NCGM2_RS14530
FDMMAMHM_02885	NCGM2_RS14535
FDMMAMHM_02887	NCGM2_RS14545
FDMMAMHM_02888	U769_15457
FDMMAMHM_02889	NCGM2_RS14550
FDMMAMHM_02890	NCGM2_RS14555
FDMMAMHM_02891	NCGM2_RS14560
FDMMAMHM_02901	NCGM1900_RS22265
FDMMAMHM_03059	PA2135
FDMMAMHM_03113	SCV20265_3184
FDMMAMHM_03171	PALES_30791
FDMMAMHM_03173	PA0986
FDMMAMHM_03174	NCGM2_RS15955
FDMMAMHM_03175	PSPA7_4697
FDMMAMHM_03177	NCGM2_RS15970
FDMMAMHM_03178	NCGM2_RS15975
FDMMAMHM_03179	NCGM2_RS15980
FDMMAMHM_03180	NCGM2_RS15985
FDMMAMHM_03352	NCGM1900_RS20415
FDMMAMHM_03389	PA14_33130
FDMMAMHM_03409	NCGM2_RS17115
FDMMAMHM_03410	NCGM2_RS31420
FDMMAMHM_03641	NCGM2_RS18285
FDMMAMHM_03642	NCGM2_RS18290
FDMMAMHM_03643	NCGM2_RS18295
FDMMAMHM_03644	NCGM2_RS18300
FDMMAMHM_03645	NCGM2_RS18305
FDMMAMHM_03646	NCGM2_RS18310
FDMMAMHM_03647	NCGM2_RS18315
FDMMAMHM_03648	NCGM2_RS18320
FDMMAMHM_03649	NCGM2_RS18325
FDMMAMHM_03650	NCGM2_RS18330
FDMMAMHM_03699	PA0986
FDMMAMHM_03700	NCGM2_RS01305
FDMMAMHM_03701	NCGM2_RS18585
FDMMAMHM_03702	NCGM2_RS18590
FDMMAMHM_03703	NCGM2_RS18595
FDMMAMHM_03704	NCGM2_RS18600
FDMMAMHM_03705	NCGM1900_RS18630
FDMMAMHM_03708	NCGM2_RS18620
FDMMAMHM_03709	NCGM2_RS18625
FDMMAMHM_03710	NCGM2_RS18630
FDMMAMHM_03711	NCGM2_RS18635
FDMMAMHM_03712	NCGM2_RS18640
FDMMAMHM_03713	NCGM2_RS18645
FDMMAMHM_03714	NCGM2_RS18650
FDMMAMHM_03715	NCGM2_RS18655
FDMMAMHM_03791	NCGM2_RS19030
FDMMAMHM_03792	NCGM2_RS19035
FDMMAMHM_03793	NCGM2_RS19040
FDMMAMHM_03794	NCGM2_RS19045
FDMMAMHM_03795	NCGM2_RS31425
FDMMAMHM_03796	NCGM2_RS19055
FDMMAMHM_03797	NCGM2_RS19060
FDMMAMHM_03798	NCGM2_RS19065
FDMMAMHM_03799	NCGM2_RS19070
FDMMAMHM_03800	NCGM2_RS19075
FDMMAMHM_03801	NCGM2_RS19080
FDMMAMHM_03802	NCGM2_RS19085
FDMMAMHM_03803	NCGM2_RS19090
FDMMAMHM_03804	NCGM2_RS19095
FDMMAMHM_03805	NCGM2_RS19100
FDMMAMHM_03806	NCGM2_RS19105
FDMMAMHM_03807	NCGM2_RS19110
FDMMAMHM_03808	NCGM2_RS19115
FDMMAMHM_03809	NCGM2_RS19120
FDMMAMHM_03810	NCGM2_RS19125
FDMMAMHM_03811	NCGM2_RS19130
FDMMAMHM_03812	NCGM2_RS19135
FDMMAMHM_03813	NCGM2_RS19140
FDMMAMHM_03814	NCGM2_RS19145
FDMMAMHM_03815	NCGM2_RS19150
FDMMAMHM_03816	NCGM2_RS19155
FDMMAMHM_03817	NCGM2_RS19160
FDMMAMHM_03818	NCGM2_RS19165
FDMMAMHM_03819	NCGM2_RS19170
FDMMAMHM_03820	NCGM2_RS19175
FDMMAMHM_03821	NCGM2_RS19180
FDMMAMHM_03822	NCGM2_RS19185
FDMMAMHM_03823	NCGM2_RS19190
FDMMAMHM_03824	NCGM2_RS19195
FDMMAMHM_03825	NCGM2_RS19200
FDMMAMHM_03826	NCGM2_RS19205
FDMMAMHM_03827	NCGM2_RS19210
FDMMAMHM_03828	NCGM2_RS19220
FDMMAMHM_03829	NCGM2_RS19225
FDMMAMHM_03830	NCGM2_RS19230
FDMMAMHM_03831	NCGM2_RS19235
FDMMAMHM_03832	NCGM2_RS19240
FDMMAMHM_03833	NCGM2_RS19245
FDMMAMHM_03834	NCGM2_RS19250
FDMMAMHM_03835	NCGM2_RS19255
FDMMAMHM_03837	NCGM2_RS19265
FDMMAMHM_03838	NCGM2_RS19270
FDMMAMHM_03839	NCGM2_RS19275
FDMMAMHM_04200	NCGM2_RS21135
FDMMAMHM_04201	NCGM2_RS21140
FDMMAMHM_04203	NCGM2_RS21145
FDMMAMHM_04205	G655_09065
FDMMAMHM_04206	NCGM2_RS21155
FDMMAMHM_04207	G655_09055
FDMMAMHM_04209	G655_09045
FDMMAMHM_04428	PA14_03290
FDMMAMHM_04429	PSPA7_4697
FDMMAMHM_04553	PA3486
FDMMAMHM_04803	NCGM2_RS24170
FDMMAMHM_04804	NCGM2_RS24175
FDMMAMHM_04805	NCGM2_RS24180
FDMMAMHM_04806	NCGM2_RS24185
FDMMAMHM_04807	NCGM2_RS24190
FDMMAMHM_04808	NCGM2_RS24195
FDMMAMHM_04809	NCGM2_RS24200
FDMMAMHM_04810	NCGM2_RS24205
FDMMAMHM_04811	NCGM2_RS24210
FDMMAMHM_04812	NCGM2_RS24215
FDMMAMHM_04813	NCGM2_RS24220
FDMMAMHM_04814	NCGM2_RS24225
FDMMAMHM_04815	NCGM2_RS24230
FDMMAMHM_04816	NCGM2_RS24235
FDMMAMHM_04817	NCGM2_RS24240
FDMMAMHM_04818	NCGM2_RS24245
FDMMAMHM_04819	NCGM2_RS24250
FDMMAMHM_04820	NCGM2_RS24255
FDMMAMHM_04821	NCGM2_RS24265
FDMMAMHM_04822	NCGM2_RS24275
FDMMAMHM_04823	NCGM2_RS24280
FDMMAMHM_04825	NCGM2_RS24285
FDMMAMHM_04826	NCGM2_RS24290
FDMMAMHM_04827	NCGM2_RS24295
FDMMAMHM_04828	NCGM2_RS24300
FDMMAMHM_04829	NCGM2_RS24305
FDMMAMHM_04830	NCGM2_RS24310
FDMMAMHM_04831	NCGM2_RS24315
FDMMAMHM_04832	NCGM2_RS24320
FDMMAMHM_04833	NCGM2_RS24325
FDMMAMHM_04834	NCGM2_RS24330
FDMMAMHM_04835	NCGM2_RS24335
FDMMAMHM_04836	NCGM2_RS24340
FDMMAMHM_04837	NCGM2_RS24350
FDMMAMHM_04838	NCGM2_RS24355
FDMMAMHM_04839	NCGM2_RS24360
FDMMAMHM_04840	NCGM2_RS24365
FDMMAMHM_04841	NCGM2_RS24370
FDMMAMHM_04842	NCGM2_RS24375
FDMMAMHM_04843	NCGM2_RS24380
FDMMAMHM_04844	NCGM2_RS24385
FDMMAMHM_04845	NCGM2_RS24390
FDMMAMHM_04846	NCGM2_RS24395
FDMMAMHM_04847	NCGM2_RS24400
FDMMAMHM_04848	NCGM2_RS24405
FDMMAMHM_04849	NCGM2_RS24410
FDMMAMHM_04850	NCGM2_RS24415
FDMMAMHM_04851	NCGM2_RS24420
FDMMAMHM_04852	NCGM2_RS24425
FDMMAMHM_04937	NCGM2_RS24860
FDMMAMHM_04969	NCGM2_RS25025
FDMMAMHM_04970	NCGM2_RS25030
FDMMAMHM_05067	PA14_12630
FDMMAMHM_05300	PA14_09600
FDMMAMHM_05305	NCGM2_RS26710
FDMMAMHM_05306	NCGM2_RS24415
FDMMAMHM_05307	NCGM2_RS26720
FDMMAMHM_05309	NCGM2_RS26730
FDMMAMHM_05310	NCGM2_RS26735
FDMMAMHM_05311	NCGM2_RS26740
FDMMAMHM_05313	NCGM2_RS26750
FDMMAMHM_05314	NCGM2_RS26755
FDMMAMHM_05315	NCGM2_RS26760
FDMMAMHM_05316	NCGM2_RS26765
FDMMAMHM_05317	NCGM2_RS26770
FDMMAMHM_05318	NCGM2_RS26775
FDMMAMHM_05319	NCGM2_RS26780
FDMMAMHM_05320	NCGM2_RS26785
FDMMAMHM_05321	PALES_15831
FDMMAMHM_05322	NCGM2_RS26790
FDMMAMHM_05323	NCGM2_RS26795
FDMMAMHM_05324	NCGM2_RS26800
FDMMAMHM_05325	NCGM2_RS26805
FDMMAMHM_05326	NCGM2_RS26810
FDMMAMHM_05327	NCGM2_RS26815
FDMMAMHM_05328	NCGM2_RS26820
FDMMAMHM_05329	NCGM2_RS26825
FDMMAMHM_05340	NCGM2_RS26870
FDMMAMHM_05341	NCGM2_RS26875
FDMMAMHM_05344	NCGM2_RS26890
FDMMAMHM_05345	NCGM2_RS26895
FDMMAMHM_05346	NCGM2_RS26900
FDMMAMHM_05350	T223_07750
FDMMAMHM_05351	NCGM2_RS26920
FDMMAMHM_05352	NCGM2_RS26925
FDMMAMHM_05353	NCGM2_RS26930
FDMMAMHM_05354	NCGM2_RS26935
FDMMAMHM_05355	NCGM2_RS26940
FDMMAMHM_05464	NCGM2_RS27520
FDMMAMHM_05465	NCGM2_RS27525
FDMMAMHM_05474	U769_03127
FDMMAMHM_05491	NCGM2_RS27650
FDMMAMHM_05512	NCGM2_RS27760
FDMMAMHM_05513	NCGM2_RS27765
FDMMAMHM_05514	NCGM2_RS27770
FDMMAMHM_05515	NCGM2_RS27775
FDMMAMHM_05516	NCGM2_RS27780
FDMMAMHM_05517	NCGM2_RS27785
FDMMAMHM_05518	NCGM2_RS27790
FDMMAMHM_05519	NCGM2_RS27795
FDMMAMHM_05520	NCGM2_RS27800
FDMMAMHM_05521	NCGM2_RS27805
FDMMAMHM_05745	PA0351
FDMMAMHM_05782	NCGM2_RS01470
FDMMAMHM_05783	T223_08480
FDMMAMHM_05784	NCGM2_RS29120
FDMMAMHM_05787	NCGM2_RS29135
FDMMAMHM_05788	NCGM2_RS29140
FDMMAMHM_05789	NCGM2_RS29145
FDMMAMHM_05790	NCGM2_RS29150
FDMMAMHM_05791	NCGM2_RS29155
FDMMAMHM_05792	NCGM2_RS29160
FDMMAMHM_05793	NCGM2_RS29165
FDMMAMHM_05794	NCGM2_RS29170
FDMMAMHM_05795	NCGM2_RS29175
FDMMAMHM_05796	NCGM2_RS29180
FDMMAMHM_05797	NCGM2_RS29185
FDMMAMHM_05798	NCGM2_RS29190
FDMMAMHM_05799	NCGM2_RS29195
FDMMAMHM_05845	PA14_03290
FDMMAMHM_05846	PSPA7_4697
FDMMAMHM_06210	NCGM2_RS31250
FDMMAMHM_06211	NCGM2_RS31255
FDMMAMHM_06212	NCGM2_RS31260
FDMMAMHM_06213	NCGM2_RS31265
FDMMAMHM_06215	PSPA7_4697
JFLMEIBF_00044	N297_44
JFLMEIBF_00253	U769_01288
JFLMEIBF_00254	G655_01290
JFLMEIBF_00255	U769_01292
JFLMEIBF_00256	U769_01310
JFLMEIBF_00257	G655_01300
JFLMEIBF_00258	U769_01325
JFLMEIBF_00259	U769_01332
JFLMEIBF_00260	G655_01315
JFLMEIBF_00261	G655_01330
JFLMEIBF_00576	G655_02905
JFLMEIBF_00756	G655_03795
JFLMEIBF_00757	G655_03800
JFLMEIBF_00758	G655_03805
JFLMEIBF_00759	G655_03810
JFLMEIBF_00760	G655_03815
JFLMEIBF_01102	G655_05530
JFLMEIBF_01170	G655_05870
JFLMEIBF_01171	G655_05875
JFLMEIBF_01172	G655_05880
JFLMEIBF_01173	G655_05885
JFLMEIBF_01174	G655_05890
JFLMEIBF_01175	G655_05900
JFLMEIBF_01176	G655_05905
JFLMEIBF_01177	G655_05915
JFLMEIBF_01178	G655_05920
JFLMEIBF_01180	G655_05925
JFLMEIBF_01181	G655_05930
JFLMEIBF_01182	G655_05935
JFLMEIBF_01183	G655_05940
JFLMEIBF_01451	G655_08305
JFLMEIBF_01539	PA3400
JFLMEIBF_01573	U769_07970
JFLMEIBF_01574	G655_07895
JFLMEIBF_01575	G655_07900
JFLMEIBF_01576	G655_07905
JFLMEIBF_01577	G655_07910
JFLMEIBF_01794	G655_09045
JFLMEIBF_02126	G655_10710
JFLMEIBF_02127	G655_10715
JFLMEIBF_02128	G655_10725
JFLMEIBF_02129	G655_10730
JFLMEIBF_02237	G655_11270
JFLMEIBF_02239	PSPA7_4229
JFLMEIBF_02241	G655_11290
JFLMEIBF_02243	G655_11295
JFLMEIBF_02245	G655_11300
JFLMEIBF_02246	G655_11305
JFLMEIBF_02247	G655_11310
JFLMEIBF_02255	G655_11350
JFLMEIBF_02298	PA2684
JFLMEIBF_02529	PA14_32790
JFLMEIBF_02530	PA14_32790
JFLMEIBF_03064	G655_15420
JFLMEIBF_03065	G655_15425
JFLMEIBF_03066	G655_15430
JFLMEIBF_03130	PALES_34491
JFLMEIBF_03131	U769_16285
JFLMEIBF_03133	SCV20265_3523
JFLMEIBF_03627	G655_18240
JFLMEIBF_03628	G655_18235
JFLMEIBF_03629	G655_18245
JFLMEIBF_03644	G655_18320
JFLMEIBF_03776	G655_18980
JFLMEIBF_03782	G655_19010
JFLMEIBF_03828	G655_19240
JFLMEIBF_03829	G655_19245
JFLMEIBF_03831	G655_19250
JFLMEIBF_03832	G655_19255
JFLMEIBF_03833	G655_19260
JFLMEIBF_03834	G655_19270
JFLMEIBF_03835	G655_19275
JFLMEIBF_03836	G655_19280
JFLMEIBF_03837	G655_19285
JFLMEIBF_04060	G655_20410
JFLMEIBF_04064	G655_20430
JFLMEIBF_04065	G655_20435
JFLMEIBF_04066	G655_20440
JFLMEIBF_04067	G655_20445
JFLMEIBF_04328	G655_21755
JFLMEIBF_04636	G655_23270
JFLMEIBF_04656	G655_23370
JFLMEIBF_04660	G655_23390
JFLMEIBF_04661	G655_23395
JFLMEIBF_04665	G655_23415
JFLMEIBF_04666	G655_23420
JFLMEIBF_04668	G655_23435
JFLMEIBF_04673	G655_23460
JFLMEIBF_04692	M062_05120
JFLMEIBF_04701	SCV20265_4504
JFLMEIBF_04703	PA1S_RS21270
JFLMEIBF_04704	G655_23615
JFLMEIBF_04705	G655_23620
JFLMEIBF_04706	G655_23625
JFLMEIBF_04714	U769_24860
JFLMEIBF_04715	G655_23670
JFLMEIBF_04718	G655_23685
JFLMEIBF_04727	G655_23730
JFLMEIBF_04729	G655_23740
JFLMEIBF_04730	G655_23745
JFLMEIBF_04732	G655_23760
JFLMEIBF_04733	G655_23765
JFLMEIBF_04734	G655_23770
JFLMEIBF_04735	G655_23775
JFLMEIBF_04736	PA14_60040
JFLMEIBF_04737	G655_23785
JFLMEIBF_04738	G655_23790
JFLMEIBF_04739	G655_23795
JFLMEIBF_04740	G655_23800
JFLMEIBF_04741	G655_23805
JFLMEIBF_04742	G655_23810
JFLMEIBF_04743	G655_23815
JFLMEIBF_04744	G655_23820
JFLMEIBF_04745	G655_23825
JFLMEIBF_04746	G655_23830
JFLMEIBF_04747	G655_23835
JFLMEIBF_04748	G655_23840
JFLMEIBF_04751	G655_23855
JFLMEIBF_04752	G655_23860
JFLMEIBF_04753	G655_23865
JFLMEIBF_04754	G655_23870
JFLMEIBF_04755	G655_23880
JFLMEIBF_04756	G655_23885
JFLMEIBF_04757	G655_23890
JFLMEIBF_04758	G655_23895
JFLMEIBF_04759	G655_23900
JFLMEIBF_04760	G655_23905
JFLMEIBF_04761	G655_23910
JFLMEIBF_04762	G655_23915
JFLMEIBF_04763	G655_23925
JFLMEIBF_04853	PA4625
JFLMEIBF_04854	NCGM1900_RS12270
JFLMEIBF_04855	PA14_61200
JFLMEIBF_05036	G655_25285
JFLMEIBF_05039	G655_25300
JFLMEIBF_05040	G655_25305
JFLMEIBF_05041	PSPA7_4697
JFLMEIBF_05042	G655_11275
JFLMEIBF_05043	G655_25320
JFLMEIBF_05044	G655_25325
JFLMEIBF_05045	G655_25330
JDJADLPJ_00202	PA0199
JDJADLPJ_00500	M062_02495
JDJADLPJ_00956	M062_04820
JDJADLPJ_00957	M062_04825
JDJADLPJ_00958	M062_04830
JDJADLPJ_00959	M062_04835
JDJADLPJ_00960	M062_04840
JDJADLPJ_00961	M062_04845
JDJADLPJ_00962	M062_04850
JDJADLPJ_00963	M062_04855
JDJADLPJ_00964	M062_04860
JDJADLPJ_00996	M062_05040
JDJADLPJ_00999	M062_05055
JDJADLPJ_01000	M062_05060
JDJADLPJ_01001	M062_05070
JDJADLPJ_01002	M062_05075
JDJADLPJ_01003	M062_05080
JDJADLPJ_01004	PA1334
JDJADLPJ_01027	M062_05200
JDJADLPJ_01031	M062_05225
JDJADLPJ_01032	M062_05230
JDJADLPJ_01033	M062_05240
JDJADLPJ_01034	M062_05245
JDJADLPJ_01036	AI22_RS12715
JDJADLPJ_01040	U769_24510
JDJADLPJ_01042	M062_05290
JDJADLPJ_01043	M062_05295
JDJADLPJ_01048	M062_05320
JDJADLPJ_01056	PA14_58950
JDJADLPJ_01057	M062_05365
JDJADLPJ_01109	M062_05640
JDJADLPJ_01144	PA14_50590
JDJADLPJ_01331	M062_06735
JDJADLPJ_01332	M062_06740
JDJADLPJ_01333	M062_06745
JDJADLPJ_01334	M062_06750
JDJADLPJ_01335	M062_06755
JDJADLPJ_01336	M062_06760
JDJADLPJ_01337	M062_06765
JDJADLPJ_01338	M062_06770
JDJADLPJ_01473	M062_07455
JDJADLPJ_01884	M062_09530
JDJADLPJ_01888	SCV20265_3577
JDJADLPJ_01973	PA1903
JDJADLPJ_02009	M062_10100
JDJADLPJ_02363	PA2270
JDJADLPJ_02494	M062_12510
JDJADLPJ_02495	M062_12515
JDJADLPJ_02496	M062_12520
JDJADLPJ_02583	M062_12955
JDJADLPJ_02676	PAM18_2460
JDJADLPJ_02681	M062_13420
JDJADLPJ_02691	M062_13470
JDJADLPJ_02696	M062_13495
JDJADLPJ_02701	M062_13525
JDJADLPJ_02702	NCGM1900_RS08025
JDJADLPJ_02703	M062_13530
JDJADLPJ_02704	M062_13535
JDJADLPJ_02705	PADK2_10875
JDJADLPJ_02706	M062_13545
JDJADLPJ_02707	M062_13550
JDJADLPJ_02711	M062_13575
JDJADLPJ_02715	M062_13595
JDJADLPJ_02717	M062_13600
JDJADLPJ_02719	M062_13610
JDJADLPJ_02720	M062_13615
JDJADLPJ_02739	BN889_RS09530
JDJADLPJ_02889	M062_14485
JDJADLPJ_02890	M062_14490
JDJADLPJ_02891	M062_14495
JDJADLPJ_02892	M062_14500
JDJADLPJ_02968	M062_14900
JDJADLPJ_02969	M062_14905
JDJADLPJ_02970	M062_14910
JDJADLPJ_02972	M062_14920
JDJADLPJ_02973	M062_14925
JDJADLPJ_02974	M062_14930
JDJADLPJ_02975	PAM18_2464
JDJADLPJ_02976	M062_14940
JDJADLPJ_02977	M062_14945
JDJADLPJ_04006	BN889_01032
JDJADLPJ_04009	M062_20220
JDJADLPJ_04010	M062_20225
JDJADLPJ_04212	PADK2_04225
JDJADLPJ_04420	M062_22265
JDJADLPJ_04487	PA4289
JDJADLPJ_05016	M062_25320
JDJADLPJ_05017	M062_25325
JDJADLPJ_05018	M062_25330
JDJADLPJ_05019	M062_25335
JDJADLPJ_05020	M062_25340
JDJADLPJ_05021	M062_25345
JDJADLPJ_05022	M062_25350
JDJADLPJ_05023	PA0716
JDJADLPJ_05024	PA0715
JDJADLPJ_05269	PA14_66640
JDJADLPJ_05380	M062_27130
JDJADLPJ_05381	M062_27145
JDJADLPJ_05472	PA5235
JDJADLPJ_05761	BN889_06129
DCLAMMFM_01293	PA1267
DCLAMMFM_02375	NCGM2_RS00205
FNNDLJNC_00454	PA0445
FNNDLJNC_00651	PA0641
FNNDLJNC_00997	PA0979
FNNDLJNC_01229	PA1208
FNNDLJNC_01973	PA1933
FNNDLJNC_02116	PA2073
FNNDLJNC_02370	M802_2389
FNNDLJNC_02450	M062_12510
FNNDLJNC_02454	PA2400
FNNDLJNC_02455	PA2400
FNNDLJNC_02457	PA2402
FNNDLJNC_02458	PA2402
FNNDLJNC_02459	PA2402
FNNDLJNC_02460	PA2402
FNNDLJNC_02521	PA14_32790
FNNDLJNC_02522	PA14_32790
FNNDLJNC_02523	PA14_32790
FNNDLJNC_02524	G655_12720
FNNDLJNC_02876	M802_2888
FNNDLJNC_03379	G655_08335
FNNDLJNC_03601	PA3509
FNNDLJNC_03771	M802_3802
FNNDLJNC_04089	PA0445
FNNDLJNC_04310	PA4211
FNNDLJNC_04311	M802_4342
OFDBMHIN_00049	BN889_07272
OFDBMHIN_00578	PA1R_gp4082
OFDBMHIN_01135	PAM18_2424
OFDBMHIN_01156	PA1R_gp1705
OFDBMHIN_01171	PA1R_gp1693
OFDBMHIN_03166	PA1S_RS16000
OFDBMHIN_03212	PA1R_gp5565
OFDBMHIN_03264	PA1R_gp5514
OFDBMHIN_03752	PA1R_gp4993
OFDBMHIN_03773	PA1S_RS19055
OFDBMHIN_03985	PA1R_gp4765
OFDBMHIN_04187	PSPA7_4464
OFDBMHIN_04192	PA1R_gp4566
OFDBMHIN_04224	U769_24717
OFDBMHIN_04423	NCGM2_RS07670
OFDBMHIN_04424	PA1S_RS22315
OFDBMHIN_04430	PA1S_RS22340
OFDBMHIN_04443	PA1R_gp4332
OFDBMHIN_04457	PA1S_RS22465
OFDBMHIN_04460	PA1R_gp4322
OFDBMHIN_04939	PA1R_gp2506
OFDBMHIN_05132	SCV20265_5439
OFDBMHIN_05133	PA4784
OFDBMHIN_05136	PAM18_4882
EFICBDAH_03602	PA1S_RS00220
EFICBDAH_05473	PA1747
INEGOIOK_00043	NCGM1900_RS00210
INEGOIOK_00046	U769_00230
INEGOIOK_00647	PA0642
INEGOIOK_01071	M801_3881
INEGOIOK_01186	AI22_RS27185
INEGOIOK_01798	U769_09120
INEGOIOK_01799	U769_09122
INEGOIOK_01800	U769_09132
INEGOIOK_01801	PA3156
INEGOIOK_01802	U769_09137
INEGOIOK_01803	U769_09139
INEGOIOK_01806	U769_09142
INEGOIOK_01807	U769_09147
INEGOIOK_01808	U769_09155
INEGOIOK_01809	U769_09160
INEGOIOK_01810	U769_09165
INEGOIOK_02241	U769_11420
INEGOIOK_02242	U769_11425
INEGOIOK_02243	U769_11430
INEGOIOK_02244	U769_11435
INEGOIOK_02245	U769_11440
INEGOIOK_02248	U769_11455
INEGOIOK_02249	U769_11460
INEGOIOK_02250	U769_11465
INEGOIOK_02251	U769_11470
INEGOIOK_02252	U769_11475
INEGOIOK_02253	U769_11485
INEGOIOK_02254	U769_11490
INEGOIOK_02255	U769_11495
INEGOIOK_02256	NCGM1900_RS12270
INEGOIOK_02257	PA1R_gp2532
INEGOIOK_02764	U769_14085
INEGOIOK_03028	PA1974
INEGOIOK_03038	U769_15457
INEGOIOK_03039	U769_15460
INEGOIOK_03040	U769_15465
INEGOIOK_03041	U769_15475
INEGOIOK_03042	U769_15480
INEGOIOK_03043	U769_15495
INEGOIOK_03044	U769_15500
INEGOIOK_03045	U769_15510
INEGOIOK_03046	U769_15520
INEGOIOK_03047	U769_15525
INEGOIOK_03048	U769_15530
INEGOIOK_03049	U769_15535
INEGOIOK_03050	U769_15545
INEGOIOK_03051	U769_15550
INEGOIOK_03052	U769_15555
INEGOIOK_03053	U769_15565
INEGOIOK_03054	U769_15570
INEGOIOK_03055	U769_15575
INEGOIOK_03056	U769_15580
INEGOIOK_03057	U769_15585
INEGOIOK_03059	U769_15590
INEGOIOK_03060	U769_15595
INEGOIOK_03061	U769_15600
INEGOIOK_03062	U769_15605
INEGOIOK_03063	U769_15610
INEGOIOK_03064	U769_15615
INEGOIOK_03066	U769_15620
INEGOIOK_03068	U769_15625
INEGOIOK_03069	U769_15630
INEGOIOK_03070	U769_15635
INEGOIOK_03071	U769_15645
INEGOIOK_03072	U769_15650
INEGOIOK_03073	U769_15655
INEGOIOK_03074	U769_15660
INEGOIOK_03075	U769_15665
INEGOIOK_03076	U769_15670
INEGOIOK_03077	U769_15672
INEGOIOK_03078	U769_15674
INEGOIOK_03079	U769_15685
INEGOIOK_03080	U769_15690
INEGOIOK_03081	U769_15695
INEGOIOK_03082	U769_15700
INEGOIOK_03083	U769_15705
INEGOIOK_03085	U769_15710
INEGOIOK_03086	U769_15725
INEGOIOK_03087	U769_15730
INEGOIOK_03088	U769_15735
INEGOIOK_03089	U769_15740
INEGOIOK_03091	U769_15747
INEGOIOK_03092	U769_15749
INEGOIOK_03093	U769_15750
INEGOIOK_03094	U769_15755
INEGOIOK_03095	U769_15760
INEGOIOK_03096	U769_15762
INEGOIOK_03097	BN889_02139
INEGOIOK_03098	U769_15765
INEGOIOK_03099	U769_15770
INEGOIOK_03100	U769_15775
INEGOIOK_03101	U769_15785
INEGOIOK_03102	U769_15790
INEGOIOK_03104	U769_15800
INEGOIOK_03105	U769_15805
INEGOIOK_03106	U769_15810
INEGOIOK_03107	U769_15815
INEGOIOK_03108	U769_15820
INEGOIOK_03135	U769_15960
INEGOIOK_03136	U769_15962
INEGOIOK_03137	U769_15965
INEGOIOK_04262	U769_21685
INEGOIOK_04263	U769_21690
INEGOIOK_04264	U769_21695
INEGOIOK_04277	U769_21765
INEGOIOK_04284	U769_21795
INEGOIOK_04285	U769_21800
INEGOIOK_04288	U769_21815
INEGOIOK_04289	U769_21820
INEGOIOK_04299	U769_21870
INEGOIOK_04300	U769_21875
INEGOIOK_04301	U769_21880
INEGOIOK_04302	U769_21885
INEGOIOK_04306	U769_21905
INEGOIOK_04309	U769_21922
INEGOIOK_04310	U769_21935
INEGOIOK_04316	U769_21965
INEGOIOK_04322	U769_21997
INEGOIOK_04323	U769_22000
INEGOIOK_04324	U769_22005
INEGOIOK_04325	U769_22010
INEGOIOK_04327	U769_22020
INEGOIOK_04328	U769_22025
INEGOIOK_04329	U769_22037
INEGOIOK_04330	U769_22040
INEGOIOK_04362	PA0792
INEGOIOK_04429	U769_22535
INEGOIOK_04430	U769_22540
INEGOIOK_04431	U769_22545
INEGOIOK_04432	U769_22550
INEGOIOK_04433	U769_22552
INEGOIOK_04434	U769_22560
INEGOIOK_04435	U769_22580
INEGOIOK_04436	U769_22585
INEGOIOK_04437	U769_22587
INEGOIOK_04438	U769_22595
INEGOIOK_04439	U769_22600
INEGOIOK_04440	U769_22605
INEGOIOK_04441	U769_22610
INEGOIOK_04442	U769_22615
INEGOIOK_04443	U769_22620
INEGOIOK_04444	U769_22625
INEGOIOK_04445	U769_22630
INEGOIOK_04446	U769_22635
INEGOIOK_04447	U769_22640
INEGOIOK_04448	U769_22645
INEGOIOK_04449	U769_22650
INEGOIOK_04450	U769_22655
INEGOIOK_04451	U769_22660
INEGOIOK_04452	U769_22665
INEGOIOK_04453	U769_22670
INEGOIOK_04454	U769_22675
INEGOIOK_04455	U769_22680
INEGOIOK_04456	U769_22685
INEGOIOK_04457	U769_22690
INEGOIOK_04458	U769_22695
INEGOIOK_04459	U769_22700
INEGOIOK_04460	U769_22705
INEGOIOK_04461	U769_22710
INEGOIOK_04462	U769_22715
INEGOIOK_04463	U769_22720
INEGOIOK_04464	U769_22725
INEGOIOK_04465	U769_22730
INEGOIOK_04466	U769_22735
INEGOIOK_04467	U769_22740
INEGOIOK_04468	U769_22745
INEGOIOK_04469	U769_22750
INEGOIOK_04470	U769_22755
INEGOIOK_04471	U769_22760
INEGOIOK_04472	U769_22764
INEGOIOK_04473	U769_22770
INEGOIOK_04474	U769_22775
INEGOIOK_04475	U769_22780
INEGOIOK_04476	U769_22785
INEGOIOK_04478	U769_22795
INEGOIOK_04479	NCGM1900_RS17545
INEGOIOK_04480	U769_22805
INEGOIOK_04481	U769_22810
INEGOIOK_04781	U769_24325
INEGOIOK_04799	U769_24420
INEGOIOK_04817	U769_24515
INEGOIOK_04822	U769_24550
INEGOIOK_04839	U769_24640
INEGOIOK_04850	U769_24697
INEGOIOK_04851	U769_24699
INEGOIOK_04852	U769_24700
INEGOIOK_04854	U769_24702
INEGOIOK_04855	U769_24703
INEGOIOK_04856	U769_24704
INEGOIOK_04857	U769_24715
INEGOIOK_04858	U769_24717
INEGOIOK_04859	U769_24719
INEGOIOK_04867	U769_24757
INEGOIOK_04868	U769_24759
INEGOIOK_04888	U769_24860
INEGOIOK_04889	U769_24865
INEGOIOK_05028	U769_25590
INEGOIOK_05040	U769_25654
INEGOIOK_05541	U769_28185
INEGOIOK_05542	U769_28190
INEGOIOK_05543	U769_28195
INEGOIOK_05544	U769_28200
INEGOIOK_05545	U769_28205
INEGOIOK_05546	U769_28210
INEGOIOK_05547	U769_28215
INEGOIOK_05548	U769_28220
INEGOIOK_05549	U769_28225
INEGOIOK_05550	U769_28230
INEGOIOK_05551	U769_28235
INEGOIOK_05552	U769_28240
INEGOIOK_05553	U769_28245
INEGOIOK_05554	U769_28250
INEGOIOK_05557	U769_28255
INEGOIOK_05558	U769_28260
INEGOIOK_05559	U769_28265
INEGOIOK_05560	U769_28270
INEGOIOK_05561	U769_28275
INEGOIOK_05562	U769_28280
INEGOIOK_05563	U769_28285
INEGOIOK_05564	U769_28290
INEGOIOK_05565	U769_28295
INEGOIOK_05566	U769_28305
INEGOIOK_05567	U769_28310
INEGOIOK_05568	U769_28315
INEGOIOK_05569	U769_28325
INEGOIOK_05570	U769_28330
INEGOIOK_05571	U769_28340
INEGOIOK_05572	U769_28345
INEGOIOK_05573	U769_28355
INEGOIOK_05574	U769_28360
INEGOIOK_05575	U769_28365
INEGOIOK_05576	U769_28370
INEGOIOK_05577	U769_28375
INEGOIOK_05578	U769_28380
INEGOIOK_05579	U769_28385
INEGOIOK_05581	U769_28390
INEGOIOK_05582	U769_28395
INEGOIOK_05583	U769_28400
INEGOIOK_05584	U769_28405
INEGOIOK_05585	U769_28410
INEGOIOK_05586	U769_28415
INEGOIOK_05587	NCGM2_RS01805
INEGOIOK_05588	PA1S_RS05925
INEGOIOK_05589	U769_28425
INEGOIOK_05590	U769_28430
INEGOIOK_05593	U769_28437
INEGOIOK_05595	U769_28440
INEGOIOK_05597	U769_28442
DGCHMNGD_00727	PALES_07121
DGCHMNGD_00730	BN889_07250
DGCHMNGD_00731	PA1903
DGCHMNGD_01306	PALES_25091
DGCHMNGD_01608	PALES_16131
DGCHMNGD_02521	PALES_13311
DGCHMNGD_02918	PALES_28971
DGCHMNGD_03477	PAM18_3167
DGCHMNGD_03478	BN889_RS08820
DGCHMNGD_03479	PADK2_16280
DGCHMNGD_03734	G655_17070
DGCHMNGD_03738	PA1624
DGCHMNGD_04208	M062_06275
DGCHMNGD_04209	PALES_41691
DGCHMNGD_04258	PALES_42181
DGCHMNGD_04263	NCGM2_RS09800
DGCHMNGD_04671	PALES_46401
DGCHMNGD_04916	PALES_48781
IHEKBNPJ_00261	SCV20265_0265
IHEKBNPJ_00984	SCV20265_1018
IHEKBNPJ_00985	SCV20265_1019
IHEKBNPJ_00986	SCV20265_1020
IHEKBNPJ_00987	BN889_07021
IHEKBNPJ_00988	BN889_07022
IHEKBNPJ_00989	SCV20265_1021
IHEKBNPJ_00990	BN889_06867
IHEKBNPJ_00991	SCV20265_1022
IHEKBNPJ_00992	SCV20265_1023
IHEKBNPJ_00993	BN889_06571
IHEKBNPJ_00994	SCV20265_1024
IHEKBNPJ_00995	SCV20265_1025
IHEKBNPJ_00996	BN889_06574
IHEKBNPJ_00997	SCV20265_1027
IHEKBNPJ_00998	SCV20265_1028
IHEKBNPJ_00999	BN889_04400
IHEKBNPJ_01001	SCV20265_1030
IHEKBNPJ_01002	BN889_04396
IHEKBNPJ_01307	T223_06510
IHEKBNPJ_01308	PALES_13231
IHEKBNPJ_01309	U769_15770
IHEKBNPJ_01310	SCV20265_1350
IHEKBNPJ_01311	PALES_13271
IHEKBNPJ_01312	SCV20265_1351
IHEKBNPJ_01313	SCV20265_1352
IHEKBNPJ_01315	SCV20265_1354
IHEKBNPJ_01317	SCV20265_1356
IHEKBNPJ_01318	SCV20265_1357
IHEKBNPJ_01321	SCV20265_1361
IHEKBNPJ_01322	SCV20265_1362
IHEKBNPJ_01327	T223_06620
IHEKBNPJ_01329	PA1S_RS06900
IHEKBNPJ_01332	PA1S_RS05780
IHEKBNPJ_01335	SCV20265_1371
IHEKBNPJ_01336	SCV20265_1372
IHEKBNPJ_01337	SCV20265_1373
IHEKBNPJ_01338	SCV20265_1374
IHEKBNPJ_01353	SCV20265_1385
IHEKBNPJ_01354	SCV20265_1386
IHEKBNPJ_01356	SCV20265_1388
IHEKBNPJ_01357	SCV20265_1389
IHEKBNPJ_01359	SCV20265_1390
IHEKBNPJ_01360	PAM18_1365
IHEKBNPJ_01665	SCV20265_1704
IHEKBNPJ_02059	SCV20265_2101
IHEKBNPJ_02060	SCV20265_2102
IHEKBNPJ_02061	SCV20265_2103
IHEKBNPJ_02062	SCV20265_2104
IHEKBNPJ_02063	BN889_01694
IHEKBNPJ_02064	SCV20265_2106
IHEKBNPJ_02065	SCV20265_2107
IHEKBNPJ_02066	SCV20265_2108
IHEKBNPJ_02067	SCV20265_2109
IHEKBNPJ_02068	SCV20265_2110
IHEKBNPJ_02069	SCV20265_2111
IHEKBNPJ_02070	SCV20265_2112
IHEKBNPJ_02071	SCV20265_2113
IHEKBNPJ_02072	SCV20265_2114
IHEKBNPJ_02073	SCV20265_2115
IHEKBNPJ_02074	SCV20265_2117
IHEKBNPJ_02075	SCV20265_2118
IHEKBNPJ_02076	SCV20265_2119
IHEKBNPJ_02078	SCV20265_2120
IHEKBNPJ_02079	SCV20265_2121
IHEKBNPJ_02080	SCV20265_2122
IHEKBNPJ_02081	SCV20265_2123
IHEKBNPJ_02085	SCV20265_2127
IHEKBNPJ_02086	SCV20265_2128
IHEKBNPJ_02087	SCV20265_2129
IHEKBNPJ_02088	SCV20265_2130
IHEKBNPJ_02091	PSPA7_4193
IHEKBNPJ_02092	SCV20265_2131
IHEKBNPJ_02093	SCV20265_2132
IHEKBNPJ_02094	SCV20265_2133
IHEKBNPJ_02095	SCV20265_2134
IHEKBNPJ_02096	SCV20265_2135
IHEKBNPJ_02097	SCV20265_2136
IHEKBNPJ_02098	SCV20265_2137
IHEKBNPJ_02099	SCV20265_2138
IHEKBNPJ_02100	SCV20265_2139
IHEKBNPJ_02101	SCV20265_2140
IHEKBNPJ_02105	SCV20265_2144
IHEKBNPJ_02107	SCV20265_2146
IHEKBNPJ_02108	SCV20265_2147
IHEKBNPJ_02110	SCV20265_2149
IHEKBNPJ_02111	SCV20265_2150
IHEKBNPJ_02112	SCV20265_2151
IHEKBNPJ_02251	SCV20265_2297
IHEKBNPJ_02252	SCV20265_0263
IHEKBNPJ_02283	BN889_07090
IHEKBNPJ_02284	SCV20265_2333
IHEKBNPJ_02285	SCV20265_2334
IHEKBNPJ_02294	SCV20265_2343
IHEKBNPJ_02315	SCV20265_2364
IHEKBNPJ_02316	SCV20265_2365
IHEKBNPJ_02457	SCV20265_2504
IHEKBNPJ_02458	SCV20265_2505
IHEKBNPJ_02459	SCV20265_2506
IHEKBNPJ_02460	SCV20265_2507
IHEKBNPJ_02461	SCV20265_2508
IHEKBNPJ_02462	PA14_28810
IHEKBNPJ_02463	SCV20265_0263
IHEKBNPJ_02464	PA0986
IHEKBNPJ_02523	BN889_04400
IHEKBNPJ_02669	SCV20265_2724
IHEKBNPJ_02670	SCV20265_2725
IHEKBNPJ_02671	SCV20265_2726
IHEKBNPJ_02672	NCGM2_RS26880
IHEKBNPJ_02673	SCV20265_2728
IHEKBNPJ_02674	SCV20265_2729
IHEKBNPJ_02676	SCV20265_2730
IHEKBNPJ_02677	SCV20265_2731
IHEKBNPJ_02678	SCV20265_2732
IHEKBNPJ_02679	SCV20265_2733
IHEKBNPJ_02680	SCV20265_2734
IHEKBNPJ_02681	SCV20265_2735
IHEKBNPJ_02682	SCV20265_2736
IHEKBNPJ_02683	SCV20265_2737
IHEKBNPJ_02684	NCGM2_RS24260
IHEKBNPJ_02685	SCV20265_2738
IHEKBNPJ_02687	NCGM2_RS24275
IHEKBNPJ_02688	SCV20265_2739
IHEKBNPJ_02690	SCV20265_2741
IHEKBNPJ_02691	SCV20265_2742
IHEKBNPJ_02692	SCV20265_2743
IHEKBNPJ_02693	SCV20265_2744
IHEKBNPJ_02694	SCV20265_2745
IHEKBNPJ_02695	SCV20265_2746
IHEKBNPJ_02696	SCV20265_2747
IHEKBNPJ_02697	SCV20265_2748
IHEKBNPJ_02698	NCGM1900_RS06280
IHEKBNPJ_02699	SCV20265_2750
IHEKBNPJ_02700	SCV20265_2751
IHEKBNPJ_02701	SCV20265_2752
IHEKBNPJ_02702	SCV20265_2753
IHEKBNPJ_02703	SCV20265_2754
IHEKBNPJ_02704	SCV20265_2755
IHEKBNPJ_02705	SCV20265_2756
IHEKBNPJ_02706	SCV20265_2757
IHEKBNPJ_02707	SCV20265_2758
IHEKBNPJ_02708	SCV20265_2759
IHEKBNPJ_02709	SCV20265_2760
IHEKBNPJ_02710	SCV20265_2761
IHEKBNPJ_02716	SCV20265_2767
IHEKBNPJ_02840	SCV20265_2297
IHEKBNPJ_02841	SCV20265_0263
IHEKBNPJ_03040	SCV20265_3102
IHEKBNPJ_03041	SCV20265_3103
IHEKBNPJ_03043	SCV20265_3104
IHEKBNPJ_03044	SCV20265_3105
IHEKBNPJ_03045	SCV20265_3112
IHEKBNPJ_03046	SCV20265_3102
IHEKBNPJ_03048	SCV20265_3103
IHEKBNPJ_03051	SCV20265_3104
IHEKBNPJ_03052	SCV20265_3105
IHEKBNPJ_03053	SCV20265_3111
IHEKBNPJ_03054	SCV20265_3112
IHEKBNPJ_03158	SCV20265_3212
IHEKBNPJ_03410	U769_16077
IHEKBNPJ_03945	SCV20265_4033
IHEKBNPJ_03984	PA1338
IHEKBNPJ_04320	SCV20265_4421
IHEKBNPJ_04358	PA14_58950
IHEKBNPJ_04364	M062_05330
IHEKBNPJ_04375	SCV20265_4471
IHEKBNPJ_04380	SCV20265_4476
IHEKBNPJ_04386	PSPA7_4469
IHEKBNPJ_04413	AI22_RS12540
IHEKBNPJ_04442	M062_05065
IHEKBNPJ_04443	SCV20265_4527
IHEKBNPJ_04444	M062_05080
IHEKBNPJ_04445	SCV20265_4529
IHEKBNPJ_04455	SCV20265_0263
IHEKBNPJ_04456	PA0986
IHEKBNPJ_04525	PA1S_RS21860
IHEKBNPJ_04612	PSPA7_4697
IHEKBNPJ_04613	PA14_03290
IHEKBNPJ_04667	PA0767
IHEKBNPJ_04927	SCV20265_5020
IHEKBNPJ_04928	SCV20265_5021
IHEKBNPJ_04929	SCV20265_5022
IHEKBNPJ_04930	SCV20265_5023
IHEKBNPJ_04933	SCV20265_5026
IHEKBNPJ_04936	SCV20265_5029
IHEKBNPJ_04937	SCV20265_5030
IHEKBNPJ_04938	SCV20265_5031
IHEKBNPJ_04939	SCV20265_5032
IHEKBNPJ_04940	SCV20265_5033
IHEKBNPJ_04941	SCV20265_5034
IHEKBNPJ_04942	SCV20265_5035
IHEKBNPJ_04943	SCV20265_5036
IHEKBNPJ_04944	SCV20265_5037
IHEKBNPJ_04945	SCV20265_5038
IHEKBNPJ_04946	SCV20265_5039
IHEKBNPJ_04947	SCV20265_5040
IHEKBNPJ_04948	SCV20265_5041
IHEKBNPJ_04949	U769_21660
IHEKBNPJ_04950	SCV20265_5042
IHEKBNPJ_04951	SCV20265_5043
IHEKBNPJ_04952	SCV20265_5044
IHEKBNPJ_04953	SCV20265_5045
IHEKBNPJ_04954	SCV20265_5046
IHEKBNPJ_04955	SCV20265_5047
IHEKBNPJ_04956	SCV20265_5048
IHEKBNPJ_04957	SCV20265_5049
IHEKBNPJ_04958	SCV20265_5050
IHEKBNPJ_04959	SCV20265_5051
IHEKBNPJ_04960	SCV20265_5052
IHEKBNPJ_04961	SCV20265_5053
IHEKBNPJ_04962	SCV20265_5054
IHEKBNPJ_04963	SCV20265_5055
IHEKBNPJ_04964	SCV20265_5056
IHEKBNPJ_04965	SCV20265_5058
IHEKBNPJ_04966	SCV20265_5059
IHEKBNPJ_04967	SCV20265_5060
IHEKBNPJ_04968	SCV20265_5061
IHEKBNPJ_04969	SCV20265_5062
IHEKBNPJ_04970	SCV20265_5063
IHEKBNPJ_04971	SCV20265_5064
IHEKBNPJ_04972	SCV20265_5065
IHEKBNPJ_04973	SCV20265_5066
IHEKBNPJ_04974	SCV20265_5067
IHEKBNPJ_04976	PA4443
IHEKBNPJ_05225	G655_19265
IHEKBNPJ_05226	SCV20265_5322
IHEKBNPJ_05228	SCV20265_5323
IHEKBNPJ_05651	AI22_RS06420
IHEKBNPJ_05728	SCV20265_0263
IHEKBNPJ_05729	SCV20265_2297
IHEKBNPJ_05740	SCV20265_5849
IHEKBNPJ_05741	SCV20265_5850
IHEKBNPJ_05743	U769_28250
IHEKBNPJ_05744	SCV20265_5853
IHEKBNPJ_05748	SCV20265_5857
IHEKBNPJ_05749	U769_28280
IHEKBNPJ_05752	SCV20265_5861
IHEKBNPJ_05756	SCV20265_5866
IHEKBNPJ_05757	SCV20265_5867
IHEKBNPJ_05759	SCV20265_5869
IHEKBNPJ_05767	SCV20265_5876
IHEKBNPJ_05786	PAM18_5292
PNDAEFEM_00001	PA4182
PNDAEFEM_00002	NCGM2_RS26620
PNDAEFEM_00003	PALES_07431
PNDAEFEM_00004	PA4185
PNDAEFEM_00006	PA4187
PNDAEFEM_00702	PA0064
PNDAEFEM_00991	PA5364
PNDAEFEM_01457	PA4903
PNDAEFEM_01667	PA4697
PNDAEFEM_01697	AI22_RS08570
PNDAEFEM_01701	PALES_41231
PNDAEFEM_01708	AI22_RS08635
PNDAEFEM_01709	AI22_RS08640
PNDAEFEM_01710	AI22_RS08645
PNDAEFEM_01711	AI22_RS08650
PNDAEFEM_01712	AI22_RS08655
PNDAEFEM_01713	AI22_RS08660
PNDAEFEM_01714	AI22_RS08665
PNDAEFEM_01715	AI22_RS08670
PNDAEFEM_01716	AI22_RS08675
PNDAEFEM_01717	AI22_RS08680
PNDAEFEM_02124	AI22_RS10755
PNDAEFEM_02125	PADK2_08565
PNDAEFEM_02146	AI22_RS10865
PNDAEFEM_02173	AI22_RS11000
PNDAEFEM_02178	AI22_RS11015
PNDAEFEM_02442	AI22_RS12375
PNDAEFEM_02449	AI22_RS12415
PNDAEFEM_02452	AI22_RS12420
PNDAEFEM_02460	NCGM2_RS09045
PNDAEFEM_02465	AI22_RS12485
PNDAEFEM_02474	AI22_RS12530
PNDAEFEM_02476	AI22_RS12540
PNDAEFEM_02480	AI22_RS12560
PNDAEFEM_02522	AI22_RS12770
PNDAEFEM_02527	AI22_RS12795
PNDAEFEM_02862	AI22_RS14470
PNDAEFEM_03325	PALES_35481
PNDAEFEM_03326	PA1781
PNDAEFEM_03491	M801_735
PNDAEFEM_03492	AI22_RS17620
PNDAEFEM_03495	AI22_RS17630
PNDAEFEM_03589	AI22_RS18090
PNDAEFEM_03599	PSPA7_4229
PNDAEFEM_03600	PA14_03290
PNDAEFEM_03801	AI22_RS03675
PNDAEFEM_03802	PADK2_08565
PNDAEFEM_03804	AI22_RS19165
PNDAEFEM_03805	AI22_RS19170
PNDAEFEM_03806	AI22_RS19175
PNDAEFEM_03808	AI22_RS19185
PNDAEFEM_03809	AI22_RS19190
PNDAEFEM_03810	PSPA7_2015
PNDAEFEM_03811	AI22_RS19200
PNDAEFEM_03812	AI22_RS19205
PNDAEFEM_03813	AI22_RS19210
PNDAEFEM_04331	AI22_RS21800
PNDAEFEM_04393	AI22_RS22120
PNDAEFEM_04659	PALES_20241
PNDAEFEM_05438	AI22_RS27445
PNDAEFEM_05439	AI22_RS27450
PNDAEFEM_05440	AI22_RS27455
PNDAEFEM_05441	AI22_RS27460
PNDAEFEM_05442	AI22_RS27465
PNDAEFEM_05443	AI22_RS27470
PNDAEFEM_05444	AI22_RS27475
PNDAEFEM_05448	AI22_RS27495
PNDAEFEM_05452	PSPA7_1906
PNDAEFEM_05453	PSPA7_2469
PNDAEFEM_05455	AI22_RS27520
PNDAEFEM_05458	AI22_RS27535
PNDAEFEM_05459	AI22_RS27540
PNDAEFEM_05460	AI22_RS27545
PNDAEFEM_05461	AI22_RS27550
PNDAEFEM_05462	AI22_RS27555
PNDAEFEM_05463	AI22_RS27560
PNDAEFEM_05464	AI22_RS27565
PNDAEFEM_05466	AI22_RS27575
PNDAEFEM_05467	AI22_RS27580
PNDAEFEM_05468	AI22_RS27590
PNDAEFEM_05469	AI22_RS27595
PNDAEFEM_05470	AI22_RS27600
PNDAEFEM_05471	AI22_RS27605
PNDAEFEM_05472	AI22_RS27610
PNDAEFEM_05473	AI22_RS27615
PNDAEFEM_05474	AI22_RS27620
PNDAEFEM_05475	AI22_RS27625
PNDAEFEM_05476	AI22_RS27630
PNDAEFEM_05477	AI22_RS27635
PNDAEFEM_05478	AI22_RS27640
PNDAEFEM_05480	AI22_RS27645
PNDAEFEM_05481	AI22_RS27650
PNDAEFEM_05482	AI22_RS27655
PNDAEFEM_05483	AI22_RS27660
PNDAEFEM_05484	AI22_RS27670
PNDAEFEM_05485	AI22_RS27675
PNDAEFEM_05486	AI22_RS27680
PNDAEFEM_05509	PA3847
PNDAEFEM_05566	PA3903
PNDAEFEM_05746	PADK2_03905
PNDAEFEM_05853	M802_4318
PNDAEFEM_05854	PA4189
PNDAEFEM_05855	PA4190
PNDAEFEM_05856	PA4190
PNDAEFEM_05857	PA4190
PNDAEFEM_05858	PA4190
PNDAEFEM_05859	PAM18_0748
PNDAEFEM_05860	M802_4318
PNDAEFEM_05861	PADK2_03735
PNDAEFEM_05862	PA4187
PNDAEFEM_05863	PA4187
PNDAEFEM_05864	PA1R_gp2077
PNDAEFEM_05865	PA1R_gp2077
PNDAEFEM_05866	PA4185
ACNEOCCJ_00008	PA5554
ACNEOCCJ_00012	PA5558
ACNEOCCJ_00023	PA5568
ACNEOCCJ_00033	PA14_00080
ACNEOCCJ_00035	G655_00035
ACNEOCCJ_00037	PAM18_0008
ACNEOCCJ_00042	PA0013
ACNEOCCJ_00047	M062_00080
ACNEOCCJ_00055	PA0023
ACNEOCCJ_00074	BN889_RS07410
ACNEOCCJ_00075	BN889_RS07440
ACNEOCCJ_00077	PA1S_RS00220
ACNEOCCJ_00088	PA0049
ACNEOCCJ_00096	BN889_RS07465
ACNEOCCJ_00107	PA0067
ACNEOCCJ_00113	BN889_RS07475
ACNEOCCJ_00117	PA14_00875
ACNEOCCJ_00118	BN889_RS07485
ACNEOCCJ_00138	BN889_RS07495
ACNEOCCJ_00143	BN889_RS07505
ACNEOCCJ_00144	BN889_RS07505
ACNEOCCJ_00185	PA1R_gp3649
ACNEOCCJ_00186	PAM18_0137
ACNEOCCJ_00187	PALES_01371
ACNEOCCJ_00203	PA0150
ACNEOCCJ_00225	PA0172
ACNEOCCJ_00245	PA14_02410
ACNEOCCJ_00286	NCGM2_RS01195
ACNEOCCJ_00309	BN889_RS07630
ACNEOCCJ_00310	BN889_RS07630
ACNEOCCJ_00314	BN889_RS07635
ACNEOCCJ_00330	PA0277
ACNEOCCJ_00345	BN889_RS07665
ACNEOCCJ_00346	BN889_RS07670
ACNEOCCJ_00355	PA0305
ACNEOCCJ_00360	PADK2_01535
ACNEOCCJ_00392	PA14_04350
ACNEOCCJ_00398	PA0337
ACNEOCCJ_00401	PA0339
ACNEOCCJ_00425	PALES_03581
ACNEOCCJ_00473	M062_02040
ACNEOCCJ_00481	PA0413
ACNEOCCJ_00494	BN889_RS07765
ACNEOCCJ_00495	PA0426
ACNEOCCJ_00496	BN889_RS07765
ACNEOCCJ_00497	BN889_RS07765
ACNEOCCJ_00498	BN889_RS07765
ACNEOCCJ_00530	PA0457
ACNEOCCJ_00554	PA1S_RS02430
ACNEOCCJ_00564	PA0487
ACNEOCCJ_00614	PA0533
ACNEOCCJ_00615	PA0533
ACNEOCCJ_00633	PA0550
ACNEOCCJ_00634	PA0550
ACNEOCCJ_00657	PAM18_0572
ACNEOCCJ_00683	PA0592
ACNEOCCJ_00688	BN889_RS07910
ACNEOCCJ_00691	M062_05140
ACNEOCCJ_00695	PA0599
ACNEOCCJ_00699	PA0602
ACNEOCCJ_00707	AI22_RS00825
ACNEOCCJ_00719	PALES_06151
ACNEOCCJ_00738	PA0653
ACNEOCCJ_00801	BN889_RS07975
ACNEOCCJ_00809	PADK2_21755
ACNEOCCJ_00812	PA14_54080
ACNEOCCJ_00814	M062_03840
ACNEOCCJ_00839	PA14_53780
ACNEOCCJ_00863	PA0842
ACNEOCCJ_00883	PAM18_4181
ACNEOCCJ_00887	PALES_44571
ACNEOCCJ_00912	PA0881
ACNEOCCJ_00930	PA0896
ACNEOCCJ_00932	PA0897
ACNEOCCJ_00939	PA0903
ACNEOCCJ_00973	PA0934
ACNEOCCJ_00983	PA0943
ACNEOCCJ_00999	PA0956
ACNEOCCJ_01011	PA0967
ACNEOCCJ_01056	M062_05525
ACNEOCCJ_01081	PA1S_RS20780
ACNEOCCJ_01143	PA1087
ACNEOCCJ_01147	M802_1125
ACNEOCCJ_01149	PA1091
ACNEOCCJ_01155	BN889_RS08175
ACNEOCCJ_01160	PA1101
ACNEOCCJ_01173	PA1110
ACNEOCCJ_01217	PA1151
ACNEOCCJ_01221	PA1155
ACNEOCCJ_01230	PA1161
ACNEOCCJ_01233	PA1163
ACNEOCCJ_01235	PA14_49340
ACNEOCCJ_01270	PA1200
ACNEOCCJ_01308	PA1238
ACNEOCCJ_01324	PA1255
ACNEOCCJ_01329	PA14_47930
ACNEOCCJ_01343	NCGM1900_RS26230
ACNEOCCJ_01344	NCGM1900_RS26230
ACNEOCCJ_01352	BN889_RS08345
ACNEOCCJ_01362	PADK2_19210
ACNEOCCJ_01381	PA1517
ACNEOCCJ_01410	PSPA7_4073
ACNEOCCJ_01420	PA1324
ACNEOCCJ_01422	PA1326
ACNEOCCJ_01466	PA1365
ACNEOCCJ_01472	BN889_RS08435
ACNEOCCJ_01484	PAM18_3720
ACNEOCCJ_01487	PAM18_3719
ACNEOCCJ_01488	PA1413
ACNEOCCJ_01507	PA14_45970
ACNEOCCJ_01536	PSPA7_3868
ACNEOCCJ_01570	PADK2_18280
ACNEOCCJ_01572	PAM18_3642
ACNEOCCJ_01585	PA1501
ACNEOCCJ_01597	M801_1552
ACNEOCCJ_01607	PADK2_18110
ACNEOCCJ_01613	PA1527
ACNEOCCJ_01616	PA1529
ACNEOCCJ_01621	BN889_RS08555
ACNEOCCJ_01627	PADK2_18070
ACNEOCCJ_01657	BN889_RS08595
ACNEOCCJ_01695	PADK2_17745
ACNEOCCJ_01698	M802_1637
ACNEOCCJ_01726	PA1622
ACNEOCCJ_01741	PA1637
ACNEOCCJ_01742	PA1638
ACNEOCCJ_01774	PA1666
ACNEOCCJ_01782	PA1673
ACNEOCCJ_01790	PA1679
ACNEOCCJ_01842	PA1730
ACNEOCCJ_01903	PA1787
ACNEOCCJ_01907	PA1791
ACNEOCCJ_01928	PA1806
ACNEOCCJ_01930	BN889_RS08765
ACNEOCCJ_01950	PSPA7_3474
ACNEOCCJ_01966	PA1838
ACNEOCCJ_01994	M062_09725
ACNEOCCJ_01997	NCGM2_RS13695
ACNEOCCJ_02027	PA1R_gp5514
ACNEOCCJ_02034	PA1S_RS16460
ACNEOCCJ_02042	PA1R_gp5528
ACNEOCCJ_02045	PA1901
ACNEOCCJ_02047	PA1S_RS16390
ACNEOCCJ_02063	PA1919
ACNEOCCJ_02070	PA1923
ACNEOCCJ_02071	PADK2_16020
ACNEOCCJ_02074	PAM18_3113
ACNEOCCJ_02076	PA1927
ACNEOCCJ_02119	U769_15790
ACNEOCCJ_02123	BN889_RS08930
ACNEOCCJ_02128	PAM18_3072
ACNEOCCJ_02132	PALES_33471
ACNEOCCJ_02142	BN889_RS08955
ACNEOCCJ_02143	BN889_RS08955
ACNEOCCJ_02144	BN889_RS08965
ACNEOCCJ_02177	PA2013
ACNEOCCJ_02184	BN889_RS09000
ACNEOCCJ_02185	BN889_RS09000
ACNEOCCJ_02221	PALES_32741
ACNEOCCJ_02227	PA2053
ACNEOCCJ_02231	PA1S_RS15395
ACNEOCCJ_02251	PA14_37690
ACNEOCCJ_02252	U769_14912
ACNEOCCJ_02255	PSPA7_3213
ACNEOCCJ_02272	PALES_32301
ACNEOCCJ_02274	BN889_RS09065
ACNEOCCJ_02311	PA14_37090
ACNEOCCJ_02314	PA2126.1
ACNEOCCJ_02327	PADK2_14980
ACNEOCCJ_02342	PA2149
ACNEOCCJ_02415	PA2217
ACNEOCCJ_02438	PAM18_2791
ACNEOCCJ_02445	PA2254
ACNEOCCJ_02458	PAM18_2775
ACNEOCCJ_02487	PA14_34930
ACNEOCCJ_02499	M802_2372
ACNEOCCJ_02500	PA2302
ACNEOCCJ_02503	M802_2375
ACNEOCCJ_02508	PA2308
ACNEOCCJ_02538	PADK2_13595
ACNEOCCJ_02545	PA2342
ACNEOCCJ_02546	PA2342
ACNEOCCJ_02549	PAM18_2698
ACNEOCCJ_02557	PA2349
ACNEOCCJ_02558	PALES_29531
ACNEOCCJ_02599	PALES_29161
ACNEOCCJ_02608	PALES_29091
ACNEOCCJ_02609	PALES_29091
ACNEOCCJ_02629	U769_13127
ACNEOCCJ_02631	PADK2_13110
ACNEOCCJ_02634	SCV20265_2883
ACNEOCCJ_02646	PA2434
ACNEOCCJ_02667	BN889_RS09350
ACNEOCCJ_02668	BN889_RS09350
ACNEOCCJ_02673	G655_12720
ACNEOCCJ_02674	BN889_RS09380
ACNEOCCJ_02688	PSPA7_2763
ACNEOCCJ_02706	BN889_RS09430
ACNEOCCJ_02765	PAM18_2490
ACNEOCCJ_02851	PA2602
ACNEOCCJ_02902	AI22_RS21385
ACNEOCCJ_02907	PA2654
ACNEOCCJ_02926	PA2670
ACNEOCCJ_02961	PA2704
ACNEOCCJ_02977	BN889_RS09620
ACNEOCCJ_02979	PSPA7_6049
ACNEOCCJ_02980	PSPA7_6049
ACNEOCCJ_02989	BN889_RS09635
ACNEOCCJ_03001	BN889_RS09645
ACNEOCCJ_03005	NCGM2_RS18635
ACNEOCCJ_03006	NCGM2_RS18635
ACNEOCCJ_03054	PA2771
ACNEOCCJ_03109	PAM18_2145
ACNEOCCJ_03117	PADK2_14425
ACNEOCCJ_03118	PSPA7_4014
ACNEOCCJ_03127	PA2824
ACNEOCCJ_03162	PA2856
ACNEOCCJ_03245	PA14_26190
ACNEOCCJ_03309	PA2984
ACNEOCCJ_03343	PA3014
ACNEOCCJ_03353	PA3025
ACNEOCCJ_03369	SCV20265_2006
ACNEOCCJ_03394	U769_09610
ACNEOCCJ_03395	T223_10080
ACNEOCCJ_03422	PA3087
ACNEOCCJ_03426	PADK2_08880
ACNEOCCJ_03450	PA3113
ACNEOCCJ_03458	PA3121
ACNEOCCJ_03479	M062_16890
ACNEOCCJ_03504	BN889_RS09975
ACNEOCCJ_03542	PA3222
ACNEOCCJ_03591	BN889_RS10005
ACNEOCCJ_03597	PA3272
ACNEOCCJ_03618	PALES_17741
ACNEOCCJ_03621	PA3294
ACNEOCCJ_03640	PAM18_1657
ACNEOCCJ_03641	PAM18_1657
ACNEOCCJ_03642	SCV20265_1741
ACNEOCCJ_03658	PA14_21060
ACNEOCCJ_03697	PADK2_07475
ACNEOCCJ_03699	PA14_20620
ACNEOCCJ_03705	PA14_20570
ACNEOCCJ_03719	PA3378
ACNEOCCJ_03732	AI22_RS25315
ACNEOCCJ_03749	BN889_RS10170
ACNEOCCJ_03768	PA3423
ACNEOCCJ_03769	PA3424
ACNEOCCJ_03805	PAM18_1509
ACNEOCCJ_03807	PA3458
ACNEOCCJ_03829	PA3478
ACNEOCCJ_03860	PA14_18710
ACNEOCCJ_03867	PA3532
ACNEOCCJ_03878	PA3542
ACNEOCCJ_03896	PA14_18300
ACNEOCCJ_03899	PA3561
ACNEOCCJ_03900	PA3562
ACNEOCCJ_03914	PALES_14641
ACNEOCCJ_03923	PA14_18010
ACNEOCCJ_03930	PSPA7_1559
ACNEOCCJ_03931	BN889_RS10290
ACNEOCCJ_03942	BN889_RS10305
ACNEOCCJ_03955	PA3605
ACNEOCCJ_03959	PA3608
ACNEOCCJ_03966	PA3613
ACNEOCCJ_03992	PA3637
ACNEOCCJ_03995	PA3640
ACNEOCCJ_04025	PAM18_1276
ACNEOCCJ_04042	AI22_RS26715
ACNEOCCJ_04046	PA3690
ACNEOCCJ_04083	PA3724
ACNEOCCJ_04110	PA3748
ACNEOCCJ_04122	PALES_12201
ACNEOCCJ_04129	PA14_15720
ACNEOCCJ_04182	PA3795
ACNEOCCJ_04185	PA3796
ACNEOCCJ_04193	PA3802
ACNEOCCJ_04218	PA14_14550
ACNEOCCJ_04265	PA3874
ACNEOCCJ_04322	PALES_10521
ACNEOCCJ_04357	T223_04990
ACNEOCCJ_04368	SCV20265_1017
ACNEOCCJ_04413	PA4003
ACNEOCCJ_04428	PA4020
ACNEOCCJ_04430	PA4021
ACNEOCCJ_04439	PAM18_0912
ACNEOCCJ_04451	PA4039
ACNEOCCJ_04488	PALES_09021
ACNEOCCJ_04525	PSPA7_0986
ACNEOCCJ_04546	PA4128
ACNEOCCJ_04550	M062_21780
ACNEOCCJ_04553	BN889_RS10630
ACNEOCCJ_04554	BN889_RS10635
ACNEOCCJ_04572	PA2494
ACNEOCCJ_04599	BN889_RS10660
ACNEOCCJ_04611	BN889_RS10675
ACNEOCCJ_04635	BN889_RS10710
ACNEOCCJ_04657	G655_03600
ACNEOCCJ_04662	PA4225
ACNEOCCJ_04708	M062_22475
ACNEOCCJ_04710	PA4270
ACNEOCCJ_04711	PA4270
ACNEOCCJ_04712	PA4270
ACNEOCCJ_04740	PA4297
ACNEOCCJ_04753	BN889_RS10820
ACNEOCCJ_04755	BN889_RS10825
ACNEOCCJ_04756	BN889_RS10825
ACNEOCCJ_04800	PA4352
ACNEOCCJ_04867	PA4413
ACNEOCCJ_04872	PA4417
ACNEOCCJ_04878	PA4423
ACNEOCCJ_04886	PA1R_gp2331
ACNEOCCJ_04902	PA4445
ACNEOCCJ_04953	PSPA7_0690
ACNEOCCJ_04972	PA4472
ACNEOCCJ_04989	PA4505
ACNEOCCJ_05000	PALES_48961
ACNEOCCJ_05002	BN889_RS10935
ACNEOCCJ_05020	PA4556
ACNEOCCJ_05023	PA4557
ACNEOCCJ_05056	PA4588
ACNEOCCJ_05058	G655_24185
ACNEOCCJ_05060	PAM18_4684
ACNEOCCJ_05064	PA14_60790
ACNEOCCJ_05105	G655_24395
ACNEOCCJ_05106	PA1R_gp2532
ACNEOCCJ_05107	M062_24355
ACNEOCCJ_05108	G655_24395
ACNEOCCJ_05109	PSPA7_5271
ACNEOCCJ_05154	PA4666
ACNEOCCJ_05172	AI22_RS08495
ACNEOCCJ_05173	G655_24730
ACNEOCCJ_05175	G655_14055
ACNEOCCJ_05181	PA4693
ACNEOCCJ_05205	PAM18_4822
ACNEOCCJ_05208	NCGM1900_RS26935
ACNEOCCJ_05238	PA14_62760
ACNEOCCJ_05244	PA4751
ACNEOCCJ_05265	PA14_63100
ACNEOCCJ_05280	PA4785
ACNEOCCJ_05304	PAM18_4917
ACNEOCCJ_05363	PA4859
ACNEOCCJ_05401	PA4913
ACNEOCCJ_05448	PA4956
ACNEOCCJ_05452	PA4959
ACNEOCCJ_05469	PA4973
ACNEOCCJ_05474	PA4977
ACNEOCCJ_05528	PA5026
ACNEOCCJ_05533	PA5030
ACNEOCCJ_05534	PA5030
ACNEOCCJ_05541	PA5035
ACNEOCCJ_05544	PADK2_26680
ACNEOCCJ_05554	BN889_RS11340
ACNEOCCJ_05555	PA5047
ACNEOCCJ_05567	PA14_66840
ACNEOCCJ_05575	PA5065
ACNEOCCJ_05576	PA5065
ACNEOCCJ_05596	PAM18_5197
ACNEOCCJ_05603	PAM18_5203
ACNEOCCJ_05604	PA5089
ACNEOCCJ_05614	BN889_RS11375
ACNEOCCJ_05621	PA5103
ACNEOCCJ_05623	PA5105
ACNEOCCJ_05634	BN889_RS11395
ACNEOCCJ_05654	PA5131
ACNEOCCJ_05659	PA5135
ACNEOCCJ_05689	PA5160
ACNEOCCJ_05703	PA5173
ACNEOCCJ_05712	PA5181
ACNEOCCJ_05726	PA5194
ACNEOCCJ_05735	PA5201
ACNEOCCJ_05749	PA14_68850
ACNEOCCJ_05796	PA5257
ACNEOCCJ_05799	PA5258
ACNEOCCJ_05833	G655_27935
ACNEOCCJ_05836	PA14_70100
ACNEOCCJ_05852	PA5323
ACNEOCCJ_05855	PA5324
ACNEOCCJ_05878	PA5345
ACNEOCCJ_05880	PA5346
ACNEOCCJ_05884	PA5349
ACNEOCCJ_05922	PA14_71100
ACNEOCCJ_05923	PALES_57791
ACNEOCCJ_05935	PA5393
ACNEOCCJ_05943	NCGM2_RS30495
ACNEOCCJ_05956	PSPA7_6198
ACNEOCCJ_05959	M801_5462
ACNEOCCJ_05962	BN889_RS11605
ACNEOCCJ_05970	PA5421
ACNEOCCJ_06000	PA5445
ACNEOCCJ_06037	PA14_72350
ACNEOCCJ_06066	PA5508
ACNEOCCJ_06074	PA5514
ACNEOCCJ_06081	PA5519
ACNEOCCJ_06082	PA5520
ACNEOCCJ_06105	PA5541
ACNEOCCJ_06123	N296_4635
ACNEOCCJ_06126	BN889_07161
ACNEOCCJ_06127	PSPA7_0130
ACNEOCCJ_06128	BN889_06670
ACNEOCCJ_06163	PA5280
ACNEOCCJ_06168	SCV20265_6010
ACNEOCCJ_06180	BN889_RS11750
ACNEOCCJ_06183	PSPA7_6040
ACNEOCCJ_06217	SCV20265_5062
ACNEOCCJ_06218	SCV20265_5062
ACNEOCCJ_06248	PAM18_4319
ACNEOCCJ_06264	PA14_59560
ACNEOCCJ_06270	NCGM1900_RS18440
ACNEOCCJ_06297	PSPA7_5348
ACNEOCCJ_06326	PA0685
ACNEOCCJ_06331	G655_21915
ACNEOCCJ_06359	BN889_RS11895
ACNEOCCJ_06366	PALES_27071
ACNEOCCJ_06396	BN889_RS11910
ACNEOCCJ_06397	BN889_RS11915
ACNEOCCJ_06406	AI22_RS08655
ACNEOCCJ_06409	BN889_RS11930
ACNEOCCJ_06431	PALES_26831
ACNEOCCJ_06432	PADK2_12150
ACNEOCCJ_06439	PALES_26741
ACNEOCCJ_06440	PALES_26741
ACNEOCCJ_06445	PADK2_11870
ACNEOCCJ_06449	BN889_RS11955
ACNEOCCJ_06459	PA1S_RS14605
ACNEOCCJ_06476	PALES_30901
ACNEOCCJ_06481	PA1S_RS14520
ACNEOCCJ_06491	BN889_RS11985
ACNEOCCJ_06494	BN889_RS12010
ACNEOCCJ_06502	PA2226
ACNEOCCJ_06523	PSPA7_4697
ACNEOCCJ_06526	BN889_RS12050
ACNEOCCJ_06541	BN889_RS12060
ACNEOCCJ_06542	SCV20265_1018
ACNEOCCJ_06566	PA14_10290
ACNEOCCJ_06569	BN889_RS12380
ACNEOCCJ_06592	BN889_RS12105
ACNEOCCJ_06615	BN889_RS12120
ACNEOCCJ_06623	T223_03675
ACNEOCCJ_06628	PA2460
ACNEOCCJ_06635	BN889_RS12175
ACNEOCCJ_06636	BN889_RS12095
ACNEOCCJ_06645	SCV20265_1023
ACNEOCCJ_06657	NCGM2_RS01435
ACNEOCCJ_06665	PA1R_gp5114
ACNEOCCJ_06670	PSPA7_1991
ACNEOCCJ_06693	BN889_06703
ACNEOCCJ_06709	NCGM1900_RS23385
ACNEOCCJ_06713	T223_12910
ACNEOCCJ_06715	PA3746
ACNEOCCJ_06718	BN889_RS12255
ACNEOCCJ_06741	PSPA7_4530
ACNEOCCJ_06774	NCGM2_RS01455
ACNEOCCJ_06789	G655_06960
ACNEOCCJ_06800	BN889_RS12340
ACNEOCCJ_06804	NCGM1900_RS17420
ACNEOCCJ_06805	NCGM1900_RS17420
ACNEOCCJ_06817	T223_13660
ACNEOCCJ_06819	BN889_RS12365
ACNEOCCJ_06820	BN889_RS12370
ACNEOCCJ_06840	BN889_RS12385
ACNEOCCJ_06841	T223_19940
ACNEOCCJ_06868	PA3613
ACNEOCCJ_06869	PSPA7_1528
ACNEOCCJ_06870	PSPA7_1528
ACNEOCCJ_06900	PA1R_gp5530
ACNEOCCJ_06901	BN889_RS12415
ACNEOCCJ_06903	PSPA7_2790
ACNEOCCJ_06917	U769_15745
ACNEOCCJ_06918	NCGM2_RS14280
ACNEOCCJ_06924	BN889_RS12465
ACNEOCCJ_06949	BN889_RS12500
ACNEOCCJ_06953	PSPA7_3039
ACNEOCCJ_06956	PA0325
ACNEOCCJ_06971	PA14_31030
ACNEOCCJ_06985	PA14_30880
ACNEOCCJ_06989	PADK2_11025
ACNEOCCJ_06992	PSPA7_2793
ACNEOCCJ_07004	PSPA7_4503
ACNEOCCJ_07005	PSPA7_4503
ACNEOCCJ_07016	PADK2_00210
ACNEOCCJ_07021	SCV20265_2324
ACNEOCCJ_07085	PAM18_3462
ACNEOCCJ_07087	PA14_31070
ACNEOCCJ_07090	BN889_RS12615
ACNEOCCJ_07091	M802_44
ACNEOCCJ_07096	PALES_28961
ACNEOCCJ_07097	BN889_RS12645
ACNEOCCJ_07101	BN889_RS12650
ACNEOCCJ_07102	PADK2_28170
ACNEOCCJ_07110	BN889_RS12660
ACNEOCCJ_07141	BN889_RS12690
ACNEOCCJ_07144	BN889_RS12700
ACNEOCCJ_07150	BN889_RS12710
ACNEOCCJ_07190	PA0445
ACNEOCCJ_07192	BN889_RS12745
ACNEOCCJ_07194	BN889_RS08965
ACNEOCCJ_07212	PALES_28951
ACNEOCCJ_07216	PA14_50060
ACNEOCCJ_07229	U769_24320
ACNEOCCJ_07242	PA4534
ACNEOCCJ_07273	BN889_RS12820
ACNEOCCJ_07278	NCGM2_RS18640
ACNEOCCJ_07292	BN889_RS12840
ACNEOCCJ_07296	SCV20265_2506
ACNEOCCJ_07297	BN889_RS12845
ACNEOCCJ_07298	SCV20265_5064
MDOICNCM_01213	NCGM1900_RS06120
MDOICNCM_01216	NCGM1900_RS06135
MDOICNCM_01219	NCGM1900_RS06150
MDOICNCM_01220	NCGM1900_RS06155
MDOICNCM_01221	NCGM1900_RS06160
MDOICNCM_01222	NCGM1900_RS06165
MDOICNCM_01223	NCGM1900_RS06170
MDOICNCM_01224	NCGM1900_RS06175
MDOICNCM_01225	NCGM1900_RS06180
MDOICNCM_01226	NCGM1900_RS06185
MDOICNCM_01227	NCGM1900_RS06190
MDOICNCM_01228	NCGM1900_RS06195
MDOICNCM_01229	NCGM1900_RS06205
MDOICNCM_01230	NCGM1900_RS06210
MDOICNCM_01231	NCGM1900_RS06220
MDOICNCM_01232	NCGM1900_RS06225
MDOICNCM_01233	NCGM2_RS24280
MDOICNCM_01238	NCGM1900_RS06245
MDOICNCM_01240	NCGM1900_RS06255
MDOICNCM_01241	NCGM1900_RS06260
MDOICNCM_01242	NCGM1900_RS06265
MDOICNCM_01243	NCGM1900_RS06270
MDOICNCM_01244	NCGM1900_RS06275
MDOICNCM_01248	NCGM1900_RS06295
MDOICNCM_01249	NCGM1900_RS06300
MDOICNCM_01250	NCGM1900_RS06305
MDOICNCM_01251	NCGM1900_RS06310
MDOICNCM_01252	NCGM1900_RS06315
MDOICNCM_01253	NCGM1900_RS06320
MDOICNCM_01254	NCGM1900_RS06325
MDOICNCM_01255	SCV20265_2759
MDOICNCM_01256	NCGM1900_RS06330
MDOICNCM_01257	NCGM1900_RS06335
MDOICNCM_01258	NCGM1900_RS06340
MDOICNCM_01264	NCGM1900_RS06370
MDOICNCM_01265	NCGM1900_RS06375
MDOICNCM_01267	NCGM1900_RS06385
MDOICNCM_01363	NCGM1900_RS06860
MDOICNCM_01370	NCGM1900_RS06890
MDOICNCM_01551	NCGM1900_RS07780
MDOICNCM_01552	NCGM1900_RS07785
MDOICNCM_01553	NCGM1900_RS07790
MDOICNCM_01555	PA1R_gp1693
MDOICNCM_01560	NCGM1900_RS07820
MDOICNCM_01561	NCGM1900_RS07830
MDOICNCM_01563	NCGM1900_RS07840
MDOICNCM_01564	NCGM1900_RS07845
MDOICNCM_01565	NCGM1900_RS07850
MDOICNCM_01566	NCGM1900_RS07855
MDOICNCM_01567	NCGM1900_RS07860
MDOICNCM_01568	NCGM1900_RS07865
MDOICNCM_01569	NCGM1900_RS07870
MDOICNCM_01574	NCGM1900_RS07900
MDOICNCM_01576	NCGM1900_RS07905
MDOICNCM_01577	NCGM1900_RS07910
MDOICNCM_01578	NCGM1900_RS07925
MDOICNCM_01579	NCGM1900_RS07930
MDOICNCM_01580	NCGM1900_RS07935
MDOICNCM_01582	NCGM1900_RS07955
MDOICNCM_01584	NCGM1900_RS07975
MDOICNCM_01585	NCGM1900_RS07980
MDOICNCM_01586	NCGM1900_RS07990
MDOICNCM_01587	U769_15650
MDOICNCM_01588	NCGM1900_RS07995
MDOICNCM_01589	NCGM1900_RS08000
MDOICNCM_01590	NCGM1900_RS08005
MDOICNCM_01591	NCGM1900_RS08010
MDOICNCM_01593	NCGM1900_RS08025
MDOICNCM_01594	NCGM1900_RS08035
MDOICNCM_01595	NCGM1900_RS08040
MDOICNCM_01596	NCGM1900_RS08045
MDOICNCM_01597	NCGM1900_RS08050
MDOICNCM_01598	NCGM1900_RS08055
MDOICNCM_01600	NCGM1900_RS08060
MDOICNCM_01602	NCGM1900_RS08065
MDOICNCM_01603	NCGM1900_RS08070
MDOICNCM_01604	NCGM1900_RS08075
MDOICNCM_01605	NCGM1900_RS08080
MDOICNCM_01608	NCGM1900_RS08090
MDOICNCM_01610	NCGM1900_RS08095
MDOICNCM_01611	NCGM1900_RS08100
MDOICNCM_01612	NCGM1900_RS08105
MDOICNCM_01613	NCGM1900_RS08110
MDOICNCM_01617	NCGM1900_RS08125
MDOICNCM_01618	NCGM1900_RS08135
MDOICNCM_01619	NCGM1900_RS08140
MDOICNCM_01620	NCGM1900_RS08145
MDOICNCM_01621	NCGM1900_RS08150
MDOICNCM_01622	NCGM1900_RS08155
MDOICNCM_01623	NCGM1900_RS08160
MDOICNCM_01624	NCGM1900_RS08165
MDOICNCM_01625	NCGM1900_RS08170
MDOICNCM_01626	NCGM1900_RS08175
MDOICNCM_01673	BN889_RS12190
MDOICNCM_01711	NCGM2_RS08925
MDOICNCM_01877	NCGM1900_RS09430
MDOICNCM_01910	NCGM1900_RS09595
MDOICNCM_01911	NCGM1900_RS09600
MDOICNCM_01913	NCGM1900_RS09610
MDOICNCM_01914	NCGM1900_RS09615
MDOICNCM_01915	NCGM1900_RS09620
MDOICNCM_01925	NCGM1900_RS09680
MDOICNCM_01926	NCGM1900_RS09685
MDOICNCM_01927	NCGM1900_RS09690
MDOICNCM_01928	NCGM1900_RS09695
MDOICNCM_01931	NCGM1900_RS09705
MDOICNCM_01932	NCGM1900_RS09710
MDOICNCM_02457	NCGM1900_RS12380
MDOICNCM_02458	NCGM1900_RS06120
MDOICNCM_02459	NCGM1900_RS06125
MDOICNCM_02460	NCGM2_RS24185
MDOICNCM_02461	NCGM1900_RS06135
MDOICNCM_02464	NCGM1900_RS12415
MDOICNCM_02465	NCGM1900_RS12420
MDOICNCM_02467	NCGM1900_RS12430
MDOICNCM_02468	NCGM1900_RS12435
MDOICNCM_02469	NCGM1900_RS12440
MDOICNCM_02470	NCGM1900_RS12445
MDOICNCM_02471	NCGM1900_RS12450
MDOICNCM_02472	NCGM1900_RS12455
MDOICNCM_02473	NCGM1900_RS12460
MDOICNCM_02474	NCGM1900_RS12465
MDOICNCM_02475	NCGM1900_RS12470
MDOICNCM_02476	NCGM1900_RS06215
MDOICNCM_02477	NCGM1900_RS12475
MDOICNCM_02478	NCGM1900_RS12480
MDOICNCM_02479	NCGM2_RS24280
MDOICNCM_02481	NCGM1900_RS06235
MDOICNCM_02483	NCGM1900_RS06240
MDOICNCM_02484	NCGM1900_RS06245
MDOICNCM_02485	NCGM1900_RS06250
MDOICNCM_02486	NCGM1900_RS06255
MDOICNCM_02487	NCGM1900_RS06260
MDOICNCM_02488	NCGM1900_RS06265
MDOICNCM_02489	NCGM1900_RS06270
MDOICNCM_02490	NCGM1900_RS06275
MDOICNCM_02491	NCGM1900_RS06280
MDOICNCM_02492	NCGM1900_RS06285
MDOICNCM_02493	NCGM1900_RS06290
MDOICNCM_02494	NCGM1900_RS06295
MDOICNCM_02495	NCGM1900_RS06300
MDOICNCM_02496	NCGM1900_RS06305
MDOICNCM_02497	NCGM1900_RS06310
MDOICNCM_02498	NCGM1900_RS06315
MDOICNCM_02499	NCGM1900_RS06320
MDOICNCM_02500	NCGM1900_RS06325
MDOICNCM_02501	SCV20265_2759
MDOICNCM_02502	NCGM1900_RS06330
MDOICNCM_02503	NCGM1900_RS06335
MDOICNCM_02504	NCGM1900_RS06340
MDOICNCM_02505	NCGM1900_RS06345
MDOICNCM_02506	NCGM1900_RS06350
MDOICNCM_02507	NCGM1900_RS06355
MDOICNCM_02508	NCGM1900_RS06360
MDOICNCM_02509	NCGM1900_RS06365
MDOICNCM_02510	NCGM1900_RS06370
MDOICNCM_02511	NCGM1900_RS06375
MDOICNCM_02512	NCGM1900_RS06380
MDOICNCM_02995	NCGM1900_RS15085
MDOICNCM_02999	NCGM1900_RS15105
MDOICNCM_03008	PA14_22220
MDOICNCM_03015	NCGM1900_RS15175
MDOICNCM_03430	NCGM1900_RS06890
MDOICNCM_03440	NCGM1900_RS17345
MDOICNCM_03441	NCGM1900_RS17350
MDOICNCM_03442	NCGM1900_RS17355
MDOICNCM_03443	NCGM1900_RS17360
MDOICNCM_03444	NCGM1900_RS17365
MDOICNCM_03445	NCGM1900_RS17370
MDOICNCM_03447	NCGM1900_RS17375
MDOICNCM_03448	NCGM1900_RS17380
MDOICNCM_03449	NCGM1900_RS17385
MDOICNCM_03450	NCGM1900_RS17390
MDOICNCM_03451	NCGM1900_RS17395
MDOICNCM_03452	NCGM1900_RS17400
MDOICNCM_03453	NCGM1900_RS17405
MDOICNCM_03457	NCGM1900_RS17425
MDOICNCM_03458	NCGM1900_RS17430
MDOICNCM_03459	NCGM1900_RS17435
MDOICNCM_03460	NCGM1900_RS17440
MDOICNCM_03462	NCGM1900_RS17450
MDOICNCM_03464	NCGM1900_RS17460
MDOICNCM_03465	NCGM1900_RS17465
MDOICNCM_03467	NCGM1900_RS17475
MDOICNCM_03468	NCGM1900_RS17480
MDOICNCM_03469	NCGM1900_RS17485
MDOICNCM_03470	NCGM1900_RS17490
MDOICNCM_03471	NCGM1900_RS17495
MDOICNCM_03472	NCGM1900_RS17500
MDOICNCM_03473	NCGM1900_RS17505
MDOICNCM_03474	NCGM1900_RS17510
MDOICNCM_03475	NCGM1900_RS17515
MDOICNCM_03476	NCGM1900_RS17520
MDOICNCM_03481	NCGM1900_RS17545
MDOICNCM_03482	NCGM1900_RS17550
MDOICNCM_03483	NCGM1900_RS17555
MDOICNCM_03484	NCGM1900_RS17560
MDOICNCM_03485	NCGM1900_RS17565
MDOICNCM_03486	NCGM1900_RS17570
MDOICNCM_03487	NCGM1900_RS17575
MDOICNCM_03488	NCGM1900_RS17580
MDOICNCM_03492	NCGM1900_RS17600
MDOICNCM_03493	NCGM1900_RS17605
MDOICNCM_03494	NCGM1900_RS17610
MDOICNCM_03495	NCGM1900_RS17615
MDOICNCM_03496	NCGM1900_RS17620
MDOICNCM_03498	NCGM1900_RS17630
MDOICNCM_03502	NCGM1900_RS17650
MDOICNCM_03504	NCGM1900_RS17660
MDOICNCM_03505	NCGM1900_RS17665
MDOICNCM_03506	NCGM1900_RS17670
MDOICNCM_03507	NCGM1900_RS17675
MDOICNCM_03508	NCGM1900_RS17680
MDOICNCM_03509	NCGM1900_RS17685
MDOICNCM_03510	NCGM1900_RS17690
MDOICNCM_03511	NCGM1900_RS17695
MDOICNCM_03512	NCGM1900_RS17700
MDOICNCM_03513	NCGM1900_RS17705
MDOICNCM_03514	NCGM1900_RS17710
MDOICNCM_03515	NCGM1900_RS17715
MDOICNCM_03516	NCGM1900_RS17720
MDOICNCM_03517	NCGM1900_RS17725
MDOICNCM_03518	NCGM1900_RS17730
MDOICNCM_03519	NCGM1900_RS17735
MDOICNCM_03520	NCGM1900_RS17740
MDOICNCM_03521	NCGM1900_RS17745
MDOICNCM_03522	NCGM1900_RS17750
MDOICNCM_03523	NCGM1900_RS17755
MDOICNCM_03524	NCGM1900_RS17760
MDOICNCM_03525	NCGM1900_RS17765
MDOICNCM_03526	NCGM1900_RS17770
MDOICNCM_03618	NCGM1900_RS23620
MDOICNCM_03619	PSPA7_0098
MDOICNCM_03621	NCGM1900_RS18230
MDOICNCM_03622	BN889_07005
MDOICNCM_03623	NCGM1900_RS06870
MDOICNCM_03624	NCGM2_RS08750
MDOICNCM_03625	NCGM2_RS08745
MDOICNCM_03627	NCGM2_RS08735
MDOICNCM_03628	NCGM1900_RS06890
MDOICNCM_03629	NCGM1900_RS18265
MDOICNCM_03630	NCGM1900_RS18270
MDOICNCM_03631	NCGM1900_RS18275
MDOICNCM_03632	NCGM1900_RS18280
MDOICNCM_03633	NCGM1900_RS18285
MDOICNCM_03634	NCGM1900_RS18290
MDOICNCM_03635	NCGM1900_RS18295
MDOICNCM_03636	NCGM1900_RS18300
MDOICNCM_03637	NCGM1900_RS18305
MDOICNCM_03638	NCGM1900_RS18310
MDOICNCM_03639	NCGM1900_RS18315
MDOICNCM_03640	NCGM1900_RS18320
MDOICNCM_03641	NCGM1900_RS18325
MDOICNCM_03642	NCGM1900_RS18330
MDOICNCM_03643	NCGM1900_RS18335
MDOICNCM_03644	NCGM1900_RS18340
MDOICNCM_03645	NCGM1900_RS18345
MDOICNCM_03646	NCGM1900_RS06890
MDOICNCM_03647	NCGM2_RS08735
MDOICNCM_03648	NCGM2_RS08740
MDOICNCM_03649	NCGM2_RS08745
MDOICNCM_03650	NCGM2_RS08750
MDOICNCM_03651	NCGM1900_RS06870
MDOICNCM_03652	BN889_07005
MDOICNCM_03653	NCGM1900_RS18385
MDOICNCM_03654	NCGM1900_RS18390
MDOICNCM_03655	NCGM1900_RS18395
MDOICNCM_03656	NCGM1900_RS18400
MDOICNCM_03657	NCGM1900_RS18405
MDOICNCM_03658	NCGM1900_RS18410
MDOICNCM_03659	NCGM1900_RS18415
MDOICNCM_03660	NCGM1900_RS18420
MDOICNCM_03661	NCGM1900_RS18430
MDOICNCM_03663	NCGM1900_RS18440
MDOICNCM_03666	NCGM1900_RS18455
MDOICNCM_03667	NCGM1900_RS18460
MDOICNCM_03668	NCGM1900_RS18465
MDOICNCM_03669	NCGM1900_RS18470
MDOICNCM_03670	BN889_06716
MDOICNCM_03671	NCGM1900_RS18475
MDOICNCM_03672	NCGM1900_RS18480
MDOICNCM_03673	NCGM1900_RS18485
MDOICNCM_03675	NCGM1900_RS18495
MDOICNCM_03700	PA14_03290
MDOICNCM_03701	PSPA7_4697
MDOICNCM_03760	NCGM2_RS18315
MDOICNCM_03761	NCGM1900_RS06890
MDOICNCM_04234	NCGM1900_RS21300
MDOICNCM_04236	NCGM1900_RS21300
MDOICNCM_04237	NCGM1900_RS21300
MDOICNCM_04239	PA0986
MDOICNCM_04240	NCGM2_RS01305
MDOICNCM_04359	NCGM1900_RS06890
MDOICNCM_04614	NCGM1900_RS23185
MDOICNCM_04615	NCGM1900_RS23190
MDOICNCM_04616	NCGM1900_RS23195
MDOICNCM_04617	NCGM1900_RS23200
MDOICNCM_04618	NCGM1900_RS23210
MDOICNCM_04619	NCGM1900_RS23215
MDOICNCM_04620	NCGM1900_RS23220
MDOICNCM_04621	NCGM1900_RS23225
MDOICNCM_04622	NCGM1900_RS23230
MDOICNCM_04623	NCGM1900_RS23240
MDOICNCM_04624	NCGM1900_RS23245
MDOICNCM_04625	NCGM1900_RS23250
MDOICNCM_04626	NCGM1900_RS23270
MDOICNCM_04627	NCGM1900_RS23275
MDOICNCM_04628	NCGM1900_RS23280
MDOICNCM_04629	NCGM1900_RS23285
MDOICNCM_04630	NCGM1900_RS23295
MDOICNCM_04631	NCGM1900_RS23300
MDOICNCM_04632	NCGM1900_RS23305
MDOICNCM_04633	NCGM1900_RS23310
MDOICNCM_04635	PALES_25391
MDOICNCM_04638	NCGM1900_RS23340
MDOICNCM_04640	NCGM1900_RS23350
MDOICNCM_04641	NCGM1900_RS23355
MDOICNCM_04643	NCGM1900_RS23380
MDOICNCM_04645	NCGM1900_RS23395
MDOICNCM_04647	NCGM1900_RS23410
MDOICNCM_04650	NCGM1900_RS23425
MDOICNCM_04651	NCGM1900_RS23430
MDOICNCM_04652	NCGM1900_RS23435
MDOICNCM_04660	NCGM1900_RS08045
MDOICNCM_04662	NCGM1900_RS23490
MDOICNCM_04664	NCGM1900_RS08060
MDOICNCM_04666	NCGM1900_RS08065
MDOICNCM_04667	NCGM1900_RS08070
MDOICNCM_04668	NCGM1900_RS08075
MDOICNCM_04669	NCGM1900_RS08080
MDOICNCM_04670	NCGM1900_RS08085
MDOICNCM_04672	NCGM1900_RS08090
MDOICNCM_04673	U769_15749
MDOICNCM_04674	NCGM1900_RS08095
MDOICNCM_04675	NCGM1900_RS08100
MDOICNCM_04676	NCGM1900_RS08105
MDOICNCM_04677	NCGM1900_RS08110
MDOICNCM_04678	NCGM1900_RS08115
MDOICNCM_04679	U769_15762
MDOICNCM_04680	BN889_02139
MDOICNCM_04681	NCGM1900_RS08125
MDOICNCM_04682	NCGM1900_RS08135
MDOICNCM_04683	NCGM1900_RS08140
MDOICNCM_04684	NCGM1900_RS08145
MDOICNCM_04685	NCGM1900_RS08150
MDOICNCM_04686	NCGM1900_RS08155
MDOICNCM_04687	NCGM1900_RS08160
MDOICNCM_04688	NCGM1900_RS23600
MDOICNCM_04692	NCGM1900_RS23620
MDOICNCM_05116	NCGM1900_RS06890
MDOICNCM_05214	NCGM1900_RS26235
MDOICNCM_05215	NCGM1900_RS26240
MDOICNCM_05218	SCV20265_2728
MDOICNCM_05222	NCGM1900_RS26280
MDOICNCM_05227	NCGM1900_RS26305
MDOICNCM_05231	NCGM1900_RS26325
MDOICNCM_05232	NCGM1900_RS26330
MDOICNCM_05235	NCGM1900_RS26340
MDOICNCM_05237	NCGM1900_RS06240
MDOICNCM_05238	NCGM1900_RS06245
MDOICNCM_05239	NCGM1900_RS06250
MDOICNCM_05240	NCGM1900_RS06255
MDOICNCM_05241	NCGM1900_RS06260
MDOICNCM_05242	NCGM1900_RS06265
MDOICNCM_05243	NCGM1900_RS06270
MDOICNCM_05244	NCGM1900_RS06275
MDOICNCM_05245	NCGM1900_RS06280
MDOICNCM_05246	NCGM1900_RS06285
MDOICNCM_05247	NCGM1900_RS06290
MDOICNCM_05248	NCGM1900_RS06295
MDOICNCM_05249	NCGM1900_RS06300
MDOICNCM_05250	NCGM1900_RS06305
MDOICNCM_05251	NCGM1900_RS06310
MDOICNCM_05252	NCGM1900_RS06315
MDOICNCM_05253	NCGM1900_RS06320
MDOICNCM_05254	NCGM1900_RS06325
MDOICNCM_05255	SCV20265_2759
MDOICNCM_05256	NCGM1900_RS06330
MDOICNCM_05257	NCGM1900_RS06335
MDOICNCM_05258	NCGM1900_RS06340
MDOICNCM_05259	NCGM1900_RS06345
MDOICNCM_05260	NCGM1900_RS06350
MDOICNCM_05261	NCGM1900_RS06355
MDOICNCM_05262	NCGM1900_RS06360
MDOICNCM_05263	NCGM1900_RS06365
MDOICNCM_05264	NCGM1900_RS06370
MDOICNCM_05265	NCGM1900_RS06375
MDOICNCM_05266	NCGM1900_RS06380
MDOICNCM_05298	NCGM1900_RS26645
MDOICNCM_05299	NCGM1900_RS26650
MDOICNCM_05300	NCGM1900_RS26655
MDOICNCM_05301	NCGM1900_RS26660
MDOICNCM_05302	NCGM1900_RS26665
MDOICNCM_05304	NCGM1900_RS26675
MDOICNCM_05305	NCGM1900_RS26680
MDOICNCM_05826	NCGM1900_RS29320
MDOICNCM_05828	NCGM1900_RS29330
MDOICNCM_05829	NCGM1900_RS29335
MDOICNCM_05830	NCGM1900_RS29340
MDOICNCM_05831	NCGM1900_RS29345
MDOICNCM_05832	NCGM1900_RS29350
MDOICNCM_05833	PSPA7_0365
MDOICNCM_05835	NCGM1900_RS29365
MDOICNCM_05836	NCGM1900_RS29370
MDOICNCM_05974	NCGM1900_RS30050
MDOICNCM_05975	NCGM1900_RS30060
MDOICNCM_05976	NCGM1900_RS30065
MDOICNCM_05977	NCGM1900_RS30070
MDOICNCM_05978	NCGM1900_RS30075
MDOICNCM_05980	NCGM1900_RS30080
MDOICNCM_05981	NCGM1900_RS30085
MDOICNCM_05982	NCGM1900_RS30090
MDOICNCM_05983	NCGM1900_RS30095
MDOICNCM_05984	NCGM1900_RS30100
MDOICNCM_05985	NCGM1900_RS30105
MDOICNCM_05986	NCGM1900_RS30110
MDOICNCM_05987	NCGM1900_RS30115
MDOICNCM_05989	NCGM1900_RS30125
MDOICNCM_05991	NCGM1900_RS30130
MDOICNCM_05992	NCGM1900_RS30135
MDOICNCM_05993	NCGM1900_RS30140
MDOICNCM_05994	NCGM1900_RS30145
MDOICNCM_06010	NCGM1900_RS30225
MDOICNCM_06011	NCGM1900_RS30230
MDOICNCM_06012	NCGM1900_RS30235
MDOICNCM_06013	NCGM1900_RS30240
MDOICNCM_06014	NCGM1900_RS30245
MDOICNCM_06015	NCGM1900_RS30250
MDOICNCM_06016	NCGM1900_RS30255
MDOICNCM_06017	NCGM1900_RS30260
MDOICNCM_06018	NCGM1900_RS30265
MDOICNCM_06019	NCGM1900_RS30270
MDOICNCM_06021	NCGM1900_RS30275
MDOICNCM_06022	NCGM1900_RS30280
MDOICNCM_06023	NCGM1900_RS30285
MDOICNCM_06045	NCGM1900_RS06890
MDOICNCM_06197	PA5456
MDOICNCM_06198	NCGM1900_RS06890
MDOICNCM_06289	NCGM2_RS31235
